1_SmallDateTime,2_date,3_Time,4_DateTimeOffset,5_DateTime2,6_DateTime
5/1/2000 13:32,9/5/1966,30:22.5,1969-02-21 22:05:24.4778855 +00:00,03:54.0,02:23.5
11/18/2002 23:16,2/3/1959,41:59.6,1991-05-14 07:31:53.4171404 +00:00,07:33.7,43:13.9
7/2/2001 19:12,9/8/1978,59:02.3,2000-07-27 23:41:21.6418732 +00:00,24:42.1,08:02.6
8/17/1995 18:09,6/9/1995,38:28.1,1963-12-02 01:38:20.4629490 +00:00,54:52.3,11:24.2
10/7/1985 21:29,3/1/1989,36:58.0,1983-10-29 13:40:59.1305858 +00:00,32:25.5,23:51.8
8/25/1995 3:45,10/20/1976,21:37.2,1962-12-07 06:35:25.2670995 +00:00,14:10.2,52:55.2
5/14/2005 0:48,6/22/1972,15:04.9,1966-10-05 17:02:52.3701792 +00:00,48:18.4,33:44.4
5/18/1992 17:04,11/29/2004,41:35.2,2005-02-04 00:44:15.8687982 +00:00,46:05.3,47:54.6
5/15/2007 10:11,7/28/1958,23:58.5,1972-03-06 08:00:55.4402411 +00:00,21:07.4,41:19.5
8/30/1987 21:38,5/2/1988,16:08.3,1973-11-24 05:04:19.4852771 +00:00,33:04.5,01:49.4
3/4/1988 0:48,7/30/1954,22:07.7,1980-08-12 15:21:26.1897502 +00:00,18:14.5,15:02.8
1/30/1993 18:15,8/23/1966,41:23.4,1997-07-08 14:00:20.1768334 +00:00,04:15.8,08:11.4
9/17/1997 13:43,8/10/1970,10:53.3,1991-03-23 17:03:54.9981238 +00:00,58:16.8,52:38.6
2/22/1993 5:29,6/9/2007,14:25.9,1954-09-01 04:30:33.0785648 +00:00,19:53.2,09:13.3
7/1/2007 11:30,7/8/1990,10:13.0,1957-07-07 11:26:37.4348603 +00:00,28:49.9,31:02.4
11/6/1980 12:47,1/7/1989,42:20.9,2002-09-18 05:39:04.9814296 +00:00,40:52.5,42:39.9
2/22/2004 14:20,7/20/1968,52:26.8,1959-10-16 16:29:34.5779567 +00:00,33:22.8,37:11.1
11/13/2007 10:04,11/5/1986,38:53.9,2000-01-16 07:35:25.5549156 +00:00,49:33.6,03:41.7
12/16/1998 20:31,9/26/1991,33:06.2,1994-09-16 19:49:51.9768710 +00:00,08:22.3,26:52.6
10/22/1988 0:22,8/7/1991,08:09.7,1979-03-11 13:24:37.2954361 +00:00,14:15.7,03:54.2
11/14/2002 16:49,3/28/2005,59:00.9,1964-11-08 03:22:33.4992021 +00:00,40:04.8,57:36.1
9/29/2003 4:16,2/19/1958,07:45.9,1985-02-14 01:13:17.5961452 +00:00,05:57.9,58:38.1
,11/7/1961,55:04.4,1980-06-09 17:59:53.5559291 +00:00,17:08.3,34:23.1
10/9/2007 4:36,1/4/1974,33:05.8,1957-06-09 06:35:07.6354107 +00:00,02:30.2,29:52.8
11/29/1980 15:00,11/20/1996,30:10.4,2007-08-31 15:45:58.5575846 +00:00,08:40.8,31:23.0
8/6/1999 14:34,4/28/1962,30:13.0,1978-01-26 07:42:11.5348501 +00:00,30:51.7,19:31.8
9/25/1994 18:46,8/28/1996,41:06.6,1981-03-25 22:18:10.1706548 +00:00,40:28.9,02:47.6
2/24/2006 6:36,11/24/1969,14:38.6,1983-01-20 10:10:22.6907320 +00:00,44:06.2,17:49.6
4/2/1999 14:31,4/7/1998,22:54.5,1973-08-25 18:04:17.4688007 +00:00,02:32.4,00:47.3
4/23/1995 17:38,10/3/2001,36:14.0,1980-05-06 00:42:59.8275289 +00:00,54:39.5,06:19.3
4/9/1982 10:19,8/7/1983,12:41.5,1969-03-16 18:59:20.5662352 +00:00,08:53.4,18:26.2
3/28/1985 12:51,6/2/1992,31:24.2,1966-05-25 03:24:00.8907217 +00:00,40:05.9,56:10.9
9/9/1992 17:22,6/18/1991,26:02.7,1980-09-10 16:24:23.7846313 +00:00,32:43.2,41:02.7
4/26/1988 21:06,10/1/1953,55:42.4,1956-07-04 15:50:01.0404777 +00:00,04:49.3,19:37.6
9/4/2007 20:23,7/21/2007,11:07.1,1990-12-17 17:12:43.7419064 +00:00,02:11.2,51:38.6
12/29/1997 5:23,5/6/1997,23:28.9,2002-02-10 05:48:12.9820784 +00:00,32:28.9,16:44.9
5/12/2001 1:35,3/25/2000,29:24.8,1981-05-07 16:30:17.3502051 +00:00,45:54.5,01:31.6
11/6/1980 19:29,6/9/1956,51:21.8,1976-05-27 00:54:25.8030883 +00:00,18:33.5,42:41.3
9/1/1990 3:39,4/17/1981,27:19.8,2000-02-16 12:02:11.2576466 +00:00,31:36.3,01:01.3
8/9/1989 23:14,11/21/1981,14:00.5,1989-05-06 18:47:51.2397786 +00:00,50:53.2,53:55.2
10/21/2006 22:29,1/3/1968,58:21.0,1997-06-13 15:44:27.4311828 +00:00,44:38.3,44:49.1
2/21/1994 10:50,8/29/2007,31:08.0,1983-03-21 16:22:16.3466582 +00:00,54:33.9,26:51.5
1/17/2000 12:50,1/4/1991,19:04.9,1998-12-11 15:16:00.0300626 +00:00,19:27.6,22:55.1
5/1/1983 11:05,4/7/1974,59:40.9,1986-09-17 04:41:56.8215472 +00:00,42:21.2,42:45.7
8/28/1987 7:33,11/20/1976,04:39.6,1979-11-19 15:27:01.6429701 +00:00,35:18.3,43:35.0
5/24/2005 23:37,2/23/1990,20:42.3,1977-01-06 16:47:32.5536432 +00:00,44:16.7,41:00.8
4/2/2002 6:33,4/4/1990,25:20.9,1972-09-05 14:49:17.8437413 +00:00,26:39.4,2/8/1955 16:04
6/9/1989 19:14,1/4/1979,43:29.9,1980-09-23 23:53:23.3649353 +00:00,13:47.1,34:10.8
,6/13/1966,12:47.2,1977-03-12 09:29:04.9921200 +00:00,26:58.6,24:52.3
10/19/1992 10:01,6/10/1972,39:20.5,1986-12-24 04:59:00.3525480 +00:00,15:04.3,31:08.2
2/10/1984 10:23,12/11/1981,25:06.1,1994-09-21 05:26:33.8707176 +00:00,07:16.5,47:59.1
3/13/1986 3:57,4/27/1962,52:59.0,1956-11-23 17:25:22.7329620 +00:00,42:12.7,59:02.7
6/25/1991 9:49,1/24/1972,45:37.0,1997-01-01 15:59:31.6088578 +00:00,04:32.0,09:32.4
2/14/2000 16:49,1/16/1991,29:24.4,1958-06-15 14:26:28.2031310 +00:00,44:26.6,02:25.0
5/9/1997 9:14,9/25/1974,17:20.2,1996-10-03 06:22:56.1620896 +00:00,42:00.2,01:04.2
8/29/1993 23:04,7/17/1961,22:36.7,1992-01-07 20:52:06.8817402 +00:00,57:56.1,03:45.4
6/16/1985 4:26,3/29/2005,46:55.2,1963-12-05 13:31:59.8612112 +00:00,50:25.4,08:50.9
8/2/2004 9:16,9/5/1957,25:56.5,1996-02-19 17:06:14.0064626 +00:00,22:11.9,38:09.8
2/9/2003 18:40,7/20/2006,08:17.7,1964-04-01 09:52:21.9053645 +00:00,46:11.5,40:01.2
8/3/2000 4:12,11/4/1979,06:45.0,1958-10-04 05:58:47.5957356 +00:00,01:33.8,04:20.0
1/11/2004 3:36,2/23/1988,,1989-09-12 08:17:15.0964448 +00:00,33:41.4,50:07.6
1/12/1999 2:43,7/31/1955,40:30.6,1991-09-15 06:52:29.6794474 +00:00,04:12.2,15:54.8
6/29/1997 21:09,8/25/1959,00:26.3,1984-06-12 06:39:58.3999974 +00:00,43:32.8,47:07.3
2/11/1986 10:16,10/24/1964,18:40.8,1999-10-31 07:17:55.6127124 +00:00,26:27.9,35:00.2
1/24/2005 23:26,9/27/1957,47:44.5,1957-09-10 10:04:58.9190419 +00:00,24:11.1,43:23.3
2/4/2005 23:51,2/26/1970,,1967-03-22 11:57:25.2990285 +00:00,38:08.6,18:51.9
6/4/1982 8:46,3/7/1983,03:26.8,1969-10-28 21:35:56.3922022 +00:00,31:32.6,27:08.7
6/24/2003 7:27,11/9/1969,50:43.6,1987-09-20 01:13:53.9576458 +00:00,53:27.5,33:01.0
10/5/1984 21:08,11/19/2007,15:20.8,1971-09-14 11:17:49.3366583 +00:00,17:42.0,17:34.7
1/12/1998 17:21,3/3/2001,15:10.9,1963-05-27 05:38:24.4527819 +00:00,56:21.0,14:17.6
2/24/2003 0:06,10/14/1996,03:18.8,1974-05-14 13:08:47.6312244 +00:00,54:58.0,41:08.3
2/19/1986 9:55,2/10/1965,46:44.1,1991-05-21 15:35:08.7748684 +00:00,14:49.3,54:29.8
12/30/2007 17:18,7/21/1958,12:56.1,2007-11-29 19:33:14.2972690 +00:00,17:57.4,02:40.4
6/23/1993 10:41,11/5/1962,01:05.0,1958-05-14 01:02:00.7370924 +00:00,17:29.0,32:57.3
4/5/1998 10:49,8/5/1976,11:34.1,1989-09-26 21:40:09.8642534 +00:00,29:37.5,19:05.1
2/24/2000 22:02,7/30/2005,19:05.7,1989-08-19 11:00:17.1525440 +00:00,45:30.9,30:44.6
8/30/2002 13:33,2/16/1975,09:48.7,1994-03-05 09:57:17.5660826 +00:00,46:30.3,35:43.0
10/29/1982 3:58,8/2/1995,27:52.9,2001-09-22 13:17:56.7343818 +00:00,34:47.1,51:37.4
5/30/2000 17:11,2/13/2005,48:41.0,1985-07-20 15:08:05.9924406 +00:00,27:11.9,46:17.8
2/11/2000 21:03,9/28/1959,55:23.5,1983-08-25 22:58:26.0039412 +00:00,24:24.1,50:22.2
7/7/1983 15:24,1/25/1980,28:26.1,1958-05-23 16:52:53.6911088 +00:00,04:12.2,15:30.8
5/5/2005 8:01,8/26/1970,09:28.0,1953-07-02 22:24:46.8057194 +00:00,26:41.8,28:36.8
4/17/1985 23:31,6/13/1956,04:52.1,1958-11-11 00:41:17.6986118 +00:00,17:07.5,52:57.4
5/7/1993 20:35,10/29/1978,57:36.7,1994-09-01 13:05:17.1162526 +00:00,47:28.1,29:39.1
2/21/1995 4:08,10/24/1972,01:51.5,1993-08-14 19:16:25.9568114 +00:00,47:23.0,18:20.1
2/10/1989 13:41,4/12/1974,43:34.0,1965-04-24 01:33:57.8332730 +00:00,26:40.7,19:23.5
10/15/1998 0:30,5/11/1973,11:07.9,1977-05-22 11:24:29.2818639 +00:00,35:33.9,46:38.5
2/10/1993 20:03,6/2/1953,19:42.4,1975-03-30 01:57:55.5815003 +00:00,48:16.6,38:37.6
5/3/2003 8:09,1/6/1987,45:47.1,1967-10-01 09:27:04.8783881 +00:00,22:49.1,18:33.3
8/27/2002 22:03,1/5/1999,56:38.2,2006-12-09 20:20:36.8601664 +00:00,04:15.0,47:53.1
3/21/2002 15:56,2/8/2000,38:22.2,1991-03-09 16:16:13.1208670 +00:00,42:03.6,07:54.0
5/27/2001 20:07,7/22/1995,48:30.5,1993-03-17 23:24:03.3437428 +00:00,23:42.6,23:21.8
4/1/2006 6:55,11/20/1957,36:33.6,1965-02-25 15:02:03.8977237 +00:00,32:22.0,02:40.1
4/4/1988 15:18,6/14/1954,03:28.3,1994-05-16 06:03:23.6619110 +00:00,30:02.5,56:41.3
8/21/1994 0:04,9/29/2001,43:04.1,2007-08-24 10:30:36.1433338 +00:00,17:11.9,03:47.6
7/28/1998 20:32,6/6/1965,20:34.8,1958-09-30 08:51:57.7517354 +00:00,40:26.0,28:54.4
4/24/1989 1:20,1/5/2001,33:29.9,2006-10-08 09:42:17.9466606 +00:00,11:01.1,39:44.3
1/11/1988 0:34,3/14/1979,57:54.7,2007-02-10 07:58:04.4173506 +00:00,52:59.7,47:54.9
12/22/2002 13:25,7/11/1969,12:27.2,1982-01-07 18:36:57.9025052 +00:00,18:10.1,59:22.4
3/25/1986 11:14,9/26/1959,31:20.4,1965-08-31 03:29:36.3439416 +00:00,57:09.7,24:43.1
3/25/1985 22:46,12/20/1959,56:14.2,1960-03-11 19:11:36.1614409 +00:00,12:44.1,13:52.1
12/1/1981 16:10,5/26/1973,13:56.1,1992-12-16 13:35:23.8860954 +00:00,33:11.9,31:00.0
6/27/1997 9:25,2/15/1979,05:21.6,1962-01-11 12:35:34.0282770 +00:00,56:05.0,16:36.1
5/28/1999 1:53,4/12/1973,10:10.0,1966-10-18 03:50:40.5393381 +00:00,30:37.6,10:34.7
8/25/1997 9:55,8/27/1983,40:11.1,1965-08-12 15:50:12.7213237 +00:00,20:06.3,49:59.9
12/21/2005 0:29,10/31/1969,26:03.0,1956-05-03 13:51:25.0958490 +00:00,52:27.2,53:29.3
3/13/1986 10:39,10/7/1956,26:24.4,1956-12-24 21:52:08.4356930 +00:00,24:15.3,56:22.2
12/31/2005 23:09,3/21/1962,24:01.1,1991-08-22 14:57:30.8717654 +00:00,47:03.0,36:35.1
11/11/1981 5:59,6/14/1967,41:25.0,1976-09-17 16:46:18.3388776 +00:00,14:49.1,43:19.9
3/14/2005 11:12,2/25/1977,26:31.3,1960-02-15 19:22:39.0095457 +00:00,56:29.3,30:19.7
12/30/1998 9:32,6/1/1994,19:35.7,2005-11-03 10:54:49.3156578 +00:00,11:25.9,28:02.4
8/19/1982 0:28,8/28/1962,49:27.3,1970-03-14 00:14:03.1268293 +00:00,15:38.3,17:13.5
3/4/1984 16:05,7/23/1960,33:55.7,1963-08-03 01:58:08.0140218 +00:00,55:00.0,8/13/1966 3:51
12/29/1982 21:37,10/24/1999,51:31.8,1988-08-06 10:53:55.9014232 +00:00,21:47.4,49:39.0
1/27/1997 12:48,10/11/2007,57:30.4,1953-05-14 13:05:53.9046268 +00:00,57:21.5,48:49.2
9/6/2006 19:35,6/30/1970,58:49.6,1989-03-13 09:52:28.2907252 +00:00,06:59.6,21:30.8
9/26/1993 3:12,2/16/2007,01:53.0,1985-11-05 06:11:11.9808354 +00:00,47:04.7,22:57.4
2/23/1984 0:33,10/27/1988,42:53.9,1997-10-10 17:34:41.2837448 +00:00,56:04.7,17:28.2
12/21/1998 6:08,1/1/2000,58:34.8,1959-03-19 12:01:29.6559007 +00:00,39:04.9,16:40.1
12/15/1995 9:45,6/18/1991,35:06.8,2000-05-18 08:31:01.0857690 +00:00,57:30.4,23:59.8
4/23/1986 23:20,10/18/2004,36:36.6,1997-10-30 00:32:56.0171646 +00:00,02:34.7,32:13.4
4/22/1997 12:44,10/6/1982,43:44.3,2002-07-31 19:38:00.8107020 +00:00,43:15.9,48:31.1
2/21/1980 23:17,11/4/1990,04:56.4,1972-12-20 15:46:49.0792578 +00:00,30:38.4,14:27.7
2/7/1990 23:06,11/15/1961,18:42.6,1972-10-04 14:57:12.4764919 +00:00,13:27.0,29:41.6
10/24/2003 1:25,1/24/1954,36:48.7,1980-03-18 13:22:11.3319147 +00:00,14:17.5,06:23.6
9/29/1981 3:58,3/27/1954,14:48.3,1989-02-25 13:44:44.2874818 +00:00,31:15.4,17:46.5
11/20/1987 3:00,3/24/1960,10:10.5,1979-03-27 00:33:04.8771447 +00:00,42:27.3,51:49.7
9/27/1999 2:00,2/7/1957,09:27.8,1966-07-17 13:29:50.6353580 +00:00,47:54.9,05:59.1
11/2/2006 10:38,2/6/1969,18:00.9,1958-09-19 14:31:24.5937585 +00:00,00:17.2,29:09.7
9/7/2007 14:18,3/1/1964,50:59.3,1983-12-29 12:48:12.1125180 +00:00,49:11.4,50:10.7
11/2/1990 20:42,7/26/1957,,1990-11-11 01:17:59.2058832 +00:00,34:29.8,51:00.3
8/20/1994 12:59,12/6/2003,45:35.8,1995-01-23 01:59:13.1487320 +00:00,53:30.6,47:48.1
11/6/1987 14:34,1/23/1979,11:54.0,1972-09-15 18:40:58.8318765 +00:00,16:36.9,52:15.0
3/8/1994 5:56,5/21/1998,15:25.7,1972-11-20 11:38:29.6484990 +00:00,30:02.2,21:34.7
11/18/1994 22:16,10/10/2007,17:20.6,1976-06-16 03:46:49.8425005 +00:00,11:40.0,36:30.2
8/5/1981 23:13,9/1/1959,59:09.3,1973-06-06 03:17:29.8050134 +00:00,31:00.3,44:30.8
11/8/1987 22:35,7/11/1999,14:30.1,1999-06-21 09:49:12.7774424 +00:00,30:36.8,12:00.8
11/20/1993 21:38,3/4/1991,04:06.5,2000-01-23 20:50:37.1592736 +00:00,46:29.9,42:22.7
9/12/2003 10:41,3/4/2003,54:42.1,1982-01-20 21:15:04.3949290 +00:00,27:21.8,39:39.2
3/2/1997 3:39,12/25/1955,17:25.6,1990-04-14 05:25:00.8609624 +00:00,54:55.8,24:50.8
12/1/1982 3:02,7/7/1970,35:48.5,1961-05-01 03:41:49.3975799 +00:00,02:25.3,23:01.3
10/13/2000 1:22,2/21/1964,17:09.6,1993-09-29 20:26:58.4100986 +00:00,48:30.9,10:03.4
4/2/1991 14:03,12/20/1993,47:06.8,2006-07-11 09:11:37.2426226 +00:00,33:27.5,55:17.7
2/17/2006 20:57,11/11/1962,38:17.5,1960-08-16 14:04:25.8688423 +00:00,26:19.8,48:13.7
8/29/1983 12:30,8/7/1957,19:15.8,1954-02-06 09:25:47.5445085 +00:00,52:49.1,19:50.7
8/3/1999 15:28,6/14/1990,37:02.5,1973-12-27 16:02:09.9940378 +00:00,26:25.3,50:40.5
3/25/1997 4:02,12/31/1987,48:54.9,1982-08-16 21:25:55.3297208 +00:00,28:42.6,31:29.8
4/3/2003 9:18,1/28/1966,14:34.8,1984-07-21 04:08:07.9963006 +00:00,10:34.6,13:01.1
3/8/1999 2:30,9/3/1954,45:01.9,1994-01-02 16:57:29.7572842 +00:00,32:41.0,07:52.2
,4/1/1984,05:58.0,1971-06-14 00:38:07.8526088 +00:00,10:12.3,42:16.8
12/14/1995 4:29,4/20/1966,44:14.5,1980-11-24 02:40:45.7709000 +00:00,53:21.3,05:56.9
11/1/1984 17:19,3/11/1965,18:41.8,1961-12-29 16:07:36.6629159 +00:00,14:56.4,22:16.1
3/2/1985 0:46,3/13/1987,50:36.0,2000-11-24 19:56:34.7614498 +00:00,13:54.8,31:14.8
1/19/1997 18:26,1/24/1986,59:19.9,1989-08-21 10:05:56.8167364 +00:00,20:39.7,35:22.6
1/8/1987 3:39,12/9/1962,37:20.4,1975-11-01 02:56:40.3267770 +00:00,54:35.0,52:29.7
12/1/2007 11:55,3/16/1985,54:43.8,1965-08-10 23:33:35.3507389 +00:00,29:28.2,25:21.0
12/3/1995 10:03,7/23/1990,12:29.8,1972-12-27 21:48:34.8068376 +00:00,02:33.6,16:32.3
10/10/1981 16:52,4/3/1970,08:59.6,1997-04-07 21:38:21.5517850 +00:00,42:38.0,46:54.5
5/20/1987 10:19,3/19/1972,46:39.0,1994-07-31 14:28:29.2074234 +00:00,16:20.2,04:11.1
8/4/2003 0:28,6/3/1982,33:21.3,1984-06-16 02:05:28.4338420 +00:00,48:50.9,32:13.4
11/27/1995 5:56,8/10/1962,25:22.8,1985-02-06 13:18:20.2187044 +00:00,09:59.9,01:39.6
1/31/1998 21:29,8/30/2007,15:52.5,1998-06-09 08:22:17.8003350 +00:00,36:20.5,50:23.1
6/16/1994 8:39,2/12/2001,16:56.6,1985-12-04 00:26:06.2780070 +00:00,46:45.8,07:25.4
2/28/2007 12:32,4/14/1956,06:00.1,2000-09-19 03:58:06.2263598 +00:00,25:37.7,53:09.2
3/5/1982 15:42,8/3/1972,50:25.6,1977-04-05 18:04:39.8036625 +00:00,21:59.6,
5/12/1994 14:30,6/27/1998,40:55.5,1963-10-13 08:55:36.1669258 +00:00,17:55.3,39:19.4
5/11/1984 20:33,8/6/1991,07:41.8,2005-06-27 05:33:04.2949528 +00:00,59:01.4,40:14.3
10/12/2002 9:55,3/4/1970,34:01.6,1998-09-11 14:19:38.3655228 +00:00,24:57.8,24:58.5
12/27/1997 10:09,1/15/2000,16:35.1,1965-02-21 07:07:06.0589227 +00:00,10:07.4,30:17.3
2/9/1996 23:21,2/10/2001,52:22.5,1987-12-08 09:48:24.0996134 +00:00,26:21.2,13:08.8
6/24/1995 13:34,12/20/1978,43:00.3,1997-09-22 00:03:15.5132828 +00:00,36:22.8,04:18.4
10/29/1998 20:59,,54:43.2,1993-10-12 09:20:34.8215618 +00:00,00:34.8,09:30.0
11/5/2007 5:35,12/16/1968,07:10.9,,28:42.9,40:34.7
6/11/1988 13:53,8/25/1993,25:28.3,1968-09-20 20:19:36.8888158 +00:00,44:09.0,37:48.9
10/21/1981 2:28,1/8/1997,22:46.3,1976-12-04 06:36:28.7949384 +00:00,55:05.1,51:49.3
1/14/1993 6:43,12/13/1973,17:57.1,1992-01-19 04:49:11.6881890 +00:00,14:03.8,00:58.5
7/10/1993 21:59,8/28/1993,49:29.8,1957-01-31 04:05:57.6070660 +00:00,09:48.5,22:10.0
1/20/1986 22:41,10/17/1996,05:26.8,2004-01-20 10:26:23.5680794 +00:00,04:18.6,53:13.4
1/3/1982 2:20,12/24/1980,45:40.6,1965-05-07 01:42:23.2104154 +00:00,20:37.9,26:14.0
6/12/1986 10:35,4/10/1957,41:40.1,1971-08-30 05:31:24.9319834 +00:00,47:52.2,09:50.8
3/22/1984 9:57,8/13/1971,47:53.9,1959-03-23 21:20:01.3378769 +00:00,02:32.8,15:43.1
7/5/1992 23:57,3/28/1974,00:13.6,1959-07-13 16:18:48.9577608 +00:00,31:52.8,46:16.7
8/17/1992 17:42,2/24/2002,25:08.7,2002-09-04 20:24:56.8808442 +00:00,15:13.9,38:48.6
7/21/1980 23:30,6/8/1955,03:29.8,1980-07-13 20:32:20.8780740 +00:00,50:04.9,58:06.9
11/20/1990 6:09,11/7/1992,33:46.5,1995-04-07 13:53:16.7411498 +00:00,55:50.1,46:53.0
11/5/2002 20:59,11/12/2005,32:17.5,1956-02-05 10:07:26.3416179 +00:00,19:33.4,44:13.8
9/2/1985 19:56,5/16/2000,54:59.8,1981-11-13 09:10:22.5429674 +00:00,39:35.8,28:44.2
7/30/2005 18:33,9/25/1969,12:34.0,2002-02-27 06:02:38.3872820 +00:00,55:57.2,16:33.2
10/29/1980 10:54,12/29/2000,38:05.2,1991-01-25 08:35:02.0151402 +00:00,35:27.1,16:52.4
4/6/1994 18:02,6/13/1988,22:36.8,2005-01-19 08:41:49.3217220 +00:00,42:11.8,29:05.0
12/16/2006 12:14,7/27/1975,46:39.5,1963-11-07 04:13:14.4917615 +00:00,28:26.8,11:09.2
10/26/2007 6:22,2/9/1977,05:30.4,1953-06-10 05:28:54.9981757 +00:00,47:58.7,27:58.5
6/21/1980 12:16,4/10/1982,17:27.5,1955-03-16 12:10:51.2256573 +00:00,30:09.7,25:06.3
4/18/1998 21:10,12/16/1971,21:20.8,1958-06-26 06:22:07.9518502 +00:00,38:30.9,38:11.5
10/17/1987 4:45,10/2/1973,52:02.8,2005-08-05 19:09:35.9610870 +00:00,44:56.0,07:25.8
1/29/2007 6:11,5/17/2001,19:56.0,1958-03-08 16:06:40.6422581 +00:00,26:04.9,23:11.3
6/15/1996 18:23,11/7/1970,00:13.0,1970-11-21 19:19:31.5972449 +00:00,01:45.1,32:38.2
,1/9/1971,41:06.7,1960-10-27 20:00:52.1320916 +00:00,07:49.8,02:38.0
8/14/2001 12:51,9/7/1990,47:51.9,1958-10-23 05:13:31.0162628 +00:00,04:20.2,02:08.5
1/27/1989 22:21,4/10/1998,38:20.3,1991-05-12 19:59:46.0651798 +00:00,34:53.9,08:54.3
10/9/1991 6:27,2/11/1967,29:20.7,1998-04-26 00:30:11.3775828 +00:00,27:23.9,39:36.4
4/18/2007 15:58,11/9/2006,14:53.2,1976-07-01 10:29:05.6990850 +00:00,03:44.7,25:42.0
10/21/2004 5:34,10/29/1970,57:59.6,1991-12-05 07:06:16.9641980 +00:00,00:27.1,01:12.5
3/28/2007 17:53,1/14/1974,52:39.4,1972-05-30 21:01:01.9373778 +00:00,06:19.7,59:52.3
2/22/1987 9:57,7/23/1961,22:57.7,1959-01-27 07:09:05.6576705 +00:00,33:49.5,03:33.8
9/14/1983 12:56,4/13/1958,49:31.3,1981-09-21 00:34:52.3393258 +00:00,52:46.6,32:46.7
2/13/2005 7:30,5/5/2005,11:30.9,1995-02-11 17:20:10.9493384 +00:00,46:13.5,25:22.2
12/27/1984 11:45,7/18/1979,25:07.7,2001-04-08 19:47:59.7741000 +00:00,29:45.8,44:27.2
9/19/2004 10:53,3/5/1998,36:33.6,1976-12-22 13:20:05.9665113 +00:00,25:34.6,39:25.6
4/1/1995 15:57,2/12/1965,19:23.3,2005-08-02 05:16:45.1285474 +00:00,40:31.2,34:24.1
12/23/2001 20:57,4/13/1977,05:14.0,1971-10-01 22:50:42.7197109 +00:00,19:39.7,30:19.7
5/23/1994 13:55,5/30/1996,07:03.0,1969-07-21 13:07:11.7826596 +00:00,58:14.9,32:07.6
11/12/1989 11:21,7/31/1962,23:19.0,1960-08-23 20:06:11.5964222 +00:00,22:00.2,50:18.3
10/7/2007 14:32,12/24/1965,04:58.9,1978-08-10 16:06:56.6198017 +00:00,28:28.0,37:03.7
12/7/1980 23:43,8/8/1953,45:27.4,1988-05-10 17:08:27.8695466 +00:00,46:18.1,48:28.0
5/14/1999 14:31,3/8/1961,25:09.2,1977-12-05 09:46:39.4760811 +00:00,38:07.1,45:56.7
5/24/1983 5:58,6/15/1968,50:43.8,1990-06-03 16:53:23.3378602 +00:00,21:06.6,22:50.9
6/16/1985 3:46,3/25/2005,,1970-11-27 11:49:56.9222609 +00:00,56:41.0,52:16.2
11/25/1993 9:08,4/8/1961,13:26.8,1998-08-28 10:32:49.5368572 +00:00,29:47.6,20:32.4
4/10/1996 6:23,6/3/1958,32:13.6,1997-08-15 17:50:39.8847416 +00:00,02:26.2,08:55.4
4/29/1987 18:43,3/19/1980,18:08.1,2003-05-23 08:54:17.2606950 +00:00,38:19.4,10:35.2
9/8/1988 18:34,10/2/1981,45:55.7,1969-08-15 02:52:57.7796436 +00:00,03:04.2,23:41.1
10/12/1986 2:00,8/7/1998,55:07.7,1967-06-03 20:58:02.2798127 +00:00,49:30.7,08:06.1
12/13/2001 23:00,9/21/1989,55:56.4,2001-08-22 05:37:49.0438006 +00:00,27:55.6,01:12.4
9/22/1983 16:06,6/21/1977,53:58.4,1954-04-18 02:53:51.5671611 +00:00,57:54.5,01:59.6
2/23/1997 11:08,1/1/1977,05:43.0,1987-07-01 04:19:29.1014378 +00:00,48:24.0,36:19.8
8/29/1995 7:13,9/11/2004,37:29.8,1995-07-10 11:52:24.2876254 +00:00,30:25.0,44:23.8
5/10/1998 8:43,12/31/2004,,1988-04-19 02:58:26.8697114 +00:00,50:12.0,02:23.2
7/19/1989 8:24,11/24/1972,37:15.7,1971-02-15 01:10:00.9277289 +00:00,59:13.1,30:23.1
8/26/1980 9:08,8/24/2003,45:50.1,1971-09-29 14:29:48.1526803 +00:00,29:00.2,28:38.0
9/21/1982 20:18,2/6/1956,33:25.5,1974-02-28 09:29:40.0909439 +00:00,,28:20.3
7/30/2004 12:20,8/20/1975,02:50.3,2004-04-04 08:05:05.4749744 +00:00,12:18.7,19:32.0
11/26/1999 9:08,2/10/1959,17:44.1,1998-03-31 05:12:52.5518164 +00:00,01:58.7,51:04.9
12/23/2004 0:20,9/15/1990,08:23.1,1981-12-25 05:42:37.1452356 +00:00,59:58.4,17:19.7
3/26/1998 19:54,2/28/1998,17:35.0,1981-05-05 05:01:13.5544006 +00:00,45:44.0,30:14.4
2/23/1987 18:37,10/4/1972,07:20.3,1990-09-21 10:50:55.6387920 +00:00,20:28.3,50:01.0
6/1/1987 4:23,5/31/1956,12:19.4,1975-08-08 09:12:31.9935628 +00:00,58:48.1,45:04.2
4/9/1993 6:04,2/11/1981,33:00.6,1983-04-07 23:23:54.9434664 +00:00,31:25.6,38:56.3
6/26/1985 7:45,11/15/2001,02:13.9,1974-06-18 13:23:15.2204035 +00:00,08:54.2,54:33.1
11/6/2004 10:34,7/28/1987,32:29.3,1966-07-18 13:18:24.4018238 +00:00,16:15.3,14:06.2
10/5/1993 22:39,7/10/1953,40:32.1,1968-12-23 16:47:15.3922798 +00:00,03:03.5,18:51.6
11/9/1997 9:13,10/31/1973,44:15.2,1988-08-05 13:22:22.7688674 +00:00,33:19.9,44:17.1
12/13/1988 9:03,7/24/1979,20:46.6,1978-03-08 16:42:32.4207709 +00:00,09:50.1,37:07.7
5/1/1990 2:36,11/17/1988,29:52.1,1993-06-24 03:18:16.8865928 +00:00,30:22.6,42:28.3
11/5/1986 13:57,3/3/1964,36:00.4,1986-04-21 09:51:06.6020112 +00:00,54:55.9,58:45.3
11/14/2007 4:07,2/27/1987,18:42.0,2002-04-17 15:06:02.7091020 +00:00,22:32.2,
2/3/1997 0:52,7/14/1967,17:22.8,2000-10-16 09:22:43.4017536 +00:00,30:11.8,39:01.6
1/19/1980 15:49,4/17/1969,39:36.5,1984-08-04 20:03:54.6058556 +00:00,25:58.6,37:40.2
7/14/2007 12:33,5/11/1971,42:11.4,1978-02-14 13:13:40.0823037 +00:00,01:41.8,48:02.6
12/5/2006 6:39,7/27/1965,12:28.6,1980-09-01 09:22:56.4850058 +00:00,52:12.8,49:43.5
5/25/1984 22:46,12/2/1985,35:53.4,,06:48.8,21:29.2
8/15/2001 2:24,8/15/1973,26:53.6,1975-10-04 23:13:17.3043980 +00:00,04:58.3,00:20.3
7/22/1982 9:14,10/4/1962,29:12.1,2007-12-25 07:29:34.6749838 +00:00,05:04.1,40:22.0
5/6/1985 6:28,4/6/1985,46:46.2,1970-03-01 09:28:02.5952346 +00:00,38:02.1,42:05.7
10/1/1981 3:37,1/23/1971,08:53.1,1969-03-08 11:22:51.1315211 +00:00,01:54.0,53:13.1
1/30/1983 11:52,5/11/1993,29:43.8,1995-12-20 11:05:28.8044848 +00:00,56:34.5,58:19.1
7/7/2000 13:58,4/4/1961,52:24.6,1981-09-11 21:37:13.5979392 +00:00,24:19.7,15:55.3
11/8/1982 6:33,2/7/1989,34:13.0,1962-01-29 13:31:03.4192723 +00:00,14:14.0,17:36.0
7/7/2003 1:47,7/25/2004,18:56.8,1998-04-14 01:28:27.9203974 +00:00,32:31.6,00:00.1
12/28/1997 22:50,7/21/1992,04:01.3,1971-02-13 18:07:10.3702167 +00:00,08:25.3,57:52.7
1/16/1996 5:43,8/2/1961,46:56.4,1979-07-29 02:49:36.5562328 +00:00,45:25.5,27:14.0
10/6/1986 22:47,5/6/1953,45:27.9,1994-03-13 12:42:28.0517004 +00:00,22:21.5,48:23.0
6/10/2003 3:21,8/24/1959,12:15.6,1959-10-26 14:21:44.0796267 +00:00,56:01.5,22:59.0
1/25/2004 1:45,7/12/2002,25:40.9,1983-02-23 18:37:58.8463712 +00:00,30:32.7,14:04.1
7/10/1992 19:39,1/7/1962,51:42.2,1958-03-26 22:50:17.8138311 +00:00,56:34.4,10:47.5
5/25/2005 8:37,8/25/1954,33:43.3,1984-06-04 19:47:05.0376036 +00:00,28:12.5,06:03.8
6/27/2002 4:48,4/20/1990,01:39.2,1975-06-28 14:45:37.2447366 +00:00,17:41.0,10:47.7
11/19/1992 11:02,11/16/1979,56:51.0,1979-04-22 07:54:19.2308430 +00:00,58:16.5,41:02.7
7/13/1989 18:38,10/27/1975,49:28.0,1986-08-29 14:23:34.4511866 +00:00,36:16.2,32:58.6
10/14/2001 5:06,11/3/1988,15:58.7,2005-04-06 11:05:43.0654010 +00:00,07:59.6,06:49.3
12/14/1991 10:08,10/9/1957,52:39.6,2005-08-19 06:17:32.2307546 +00:00,47:30.0,58:27.0
2/12/1998 23:54,5/5/1995,12:26.8,1955-05-01 00:34:07.4825183 +00:00,06:41.5,00:52.5
12/20/2007 20:02,5/10/1956,22:55.3,1960-02-27 17:29:28.3943937 +00:00,12:12.4,
1/17/1997 22:34,9/11/1981,18:14.6,2004-06-09 22:26:41.7018574 +00:00,40:25.6,43:54.6
7/6/1982 7:43,11/24/1957,32:54.7,1985-02-10 21:14:25.1350332 +00:00,26:44.1,57:43.1
6/19/1997 9:31,5/20/1959,47:58.4,1981-08-24 01:03:24.4924620 +00:00,29:06.3,06:26.1
9/26/2007 9:32,3/12/1955,57:21.5,1967-10-18 19:31:54.4918277 +00:00,28:29.4,50:03.8
6/11/2004 23:25,9/21/1962,16:03.6,1999-06-08 10:10:25.3588728 +00:00,32:41.6,26:18.1
2/8/1995 9:02,7/21/1978,19:07.3,1981-12-09 17:39:45.3932200 +00:00,54:34.8,
11/8/1983 11:59,4/24/1998,37:14.4,1968-05-03 19:46:42.4417896 +00:00,05:23.4,46:33.4
1/21/1980 10:15,6/22/1962,36:35.6,1959-12-31 11:47:48.8580591 +00:00,27:42.7,25:37.8
8/10/1995 15:24,5/27/1988,26:06.5,1994-09-13 18:56:45.6996842 +00:00,22:25.4,02:27.1
10/26/1998 20:10,8/23/1986,55:18.4,1963-12-06 15:48:29.6817698 +00:00,28:43.2,22:58.0
8/14/1990 1:45,4/30/1960,24:47.1,1963-03-06 13:44:46.7874078 +00:00,57:59.2,58:39.6
4/1/2004 10:23,9/23/1970,09:56.7,1998-06-14 15:47:04.4427230 +00:00,52:24.3,56:21.2
2/5/1989 17:54,6/24/1990,06:31.8,2003-12-25 15:16:30.8482822 +00:00,24:01.9,12:39.7
1/9/2002 3:05,11/16/1965,33:38.2,1974-03-06 02:00:05.4159601 +00:00,07:14.6,08:53.9
7/23/1994 2:40,11/5/1981,30:57.9,1987-02-04 22:37:02.8797398 +00:00,23:56.6,28:17.7
3/24/2003 20:43,8/23/1972,59:30.0,1982-01-23 17:50:01.4202952 +00:00,58:04.5,47:58.3
2/25/1995 8:01,10/20/1957,47:51.2,1994-01-04 18:37:08.3407510 +00:00,49:09.5,37:26.3
,7/2/1964,14:55.8,2007-08-23 07:23:59.9564612 +00:00,56:08.6,57:51.8
8/18/1994 4:40,4/23/1975,38:06.4,1981-08-23 21:19:52.2195196 +00:00,44:34.1,19:00.6
7/23/1984 21:49,7/19/1984,14:03.8,1985-04-25 07:44:04.0731654 +00:00,58:54.1,14:19.1
10/3/1997 4:18,4/27/1962,58:12.6,1965-02-23 05:16:44.5732497 +00:00,00:28.9,32:25.0
6/28/1995 8:55,12/27/1978,45:32.9,2002-11-20 10:33:38.6641706 +00:00,30:49.8,45:04.1
10/22/1988 4:51,3/7/1953,55:04.2,1980-05-06 00:35:56.3501234 +00:00,40:42.0,41:03.5
12/30/1986 23:52,3/10/1967,31:59.6,1962-03-01 02:25:31.3126530 +00:00,37:18.5,27:19.2
6/1/2002 5:52,1/12/1985,55:05.7,1958-06-13 18:44:23.9224962 +00:00,39:17.4,25:43.3
11/18/1992 7:18,11/11/1979,38:09.8,1972-12-13 17:52:14.6069397 +00:00,33:48.2,55:52.6
10/20/2005 6:57,7/10/1962,02:17.1,1962-01-20 07:31:11.8489892 +00:00,26:43.5,30:13.0
6/12/1989 5:21,11/9/2004,17:02.8,1963-10-25 19:05:29.3572746 +00:00,04:51.2,26:20.1
5/19/1985 23:19,8/29/1995,20:31.8,1975-12-28 07:11:43.4782589 +00:00,31:55.3,36:24.5
3/16/1984 13:50,6/22/2001,50:08.5,1967-02-18 18:59:08.9505669 +00:00,49:42.4,47:57.6
7/7/1998 21:12,7/7/1990,26:12.8,1987-04-30 08:58:11.5404544 +00:00,53:42.2,57:58.9
9/30/1985 7:26,10/19/1960,19:49.0,1980-06-27 06:56:07.8515491 +00:00,04:42.9,04:41.7
12/22/1994 20:31,7/30/1998,23:26.6,1978-05-05 08:48:49.0024875 +00:00,00:07.3,41:13.3
4/11/1994 22:52,4/7/1970,03:58.4,1968-08-08 05:43:48.9100043 +00:00,52:45.9,51:16.5
8/25/2001 6:22,1/22/1989,10:57.6,1956-07-17 09:02:52.9731264 +00:00,24:38.5,20:36.7
7/3/1993 10:40,5/13/1980,13:51.5,1993-01-17 12:13:37.4602014 +00:00,11:18.0,16:25.7
10/31/1982 22:44,9/5/1964,20:54.6,1995-07-15 10:19:26.6390592 +00:00,32:47.7,42:38.9
4/12/1992 18:07,3/3/1991,32:22.3,1981-03-04 15:33:34.3126569 +00:00,28:05.1,35:39.5
5/6/1983 2:21,7/15/2006,36:20.9,1990-04-05 11:26:48.2390664 +00:00,51:38.1,03:09.3
1/25/2004 14:34,7/21/1963,15:05.7,1988-02-19 19:51:18.0260524 +00:00,19:39.3,32:01.0
,4/4/1959,41:42.4,1982-12-12 05:41:45.4786078 +00:00,27:08.1,29:21.9
9/29/1995 21:31,1/30/1983,27:25.7,1964-02-15 06:19:21.5121574 +00:00,40:42.6,51:58.2
8/29/1999 13:47,3/7/1981,20:49.9,1992-11-13 07:52:50.8565488 +00:00,23:00.1,57:33.0
12/8/1997 12:34,9/13/1974,50:09.5,1983-04-08 20:53:58.3699306 +00:00,53:38.3,34:54.8
6/7/1980 14:19,4/26/2007,47:28.6,2004-08-21 00:36:57.2922188 +00:00,58:02.3,28:34.4
12/11/1995 2:37,10/19/1984,15:44.1,1992-09-10 02:50:54.4036480 +00:00,38:08.4,52:01.8
10/27/1992 1:36,7/17/1979,45:10.4,1962-04-01 07:33:46.9655488 +00:00,32:32.5,10:19.3
10/24/2007 15:23,10/8/1996,00:05.1,1963-04-02 17:46:59.6216434 +00:00,20:57.9,05:10.2
6/5/1983 1:45,6/15/1961,30:41.3,1996-05-22 16:08:34.3649968 +00:00,53:44.4,42:29.9
5/17/1983 5:32,3/25/1960,57:20.9,2005-03-28 14:04:17.8105476 +00:00,00:12.0,18:05.4
12/6/1987 2:07,1/7/1971,01:36.8,2000-08-23 19:46:26.1104358 +00:00,47:06.6,33:21.4
8/27/1997 14:19,5/5/1977,01:02.9,2005-08-14 03:41:43.1089398 +00:00,11:51.0,43:11.0
5/18/2002 10:37,6/18/1990,14:33.2,1976-12-27 08:57:40.0112350 +00:00,02:55.9,13:58.0
2/27/1987 0:26,10/18/1963,58:23.0,1978-01-04 16:50:03.4093528 +00:00,07:47.5,52:30.2
5/23/1987 12:18,1/13/2002,24:42.6,2003-01-03 12:12:43.8211440 +00:00,11:43.5,8/20/1976 19:26
5/12/1980 19:36,9/17/1955,32:41.7,1954-07-22 11:53:03.0376869 +00:00,09:35.8,15:48.4
6/24/1992 11:06,9/20/1957,37:50.5,1957-10-08 20:38:28.7849098 +00:00,46:02.2,02:51.1
3/28/1988 17:43,3/12/2000,15:58.9,1972-06-25 22:37:53.1798090 +00:00,51:47.8,30:23.9
7/6/2003 7:52,2/28/1978,02:15.8,1962-05-08 00:47:30.5693314 +00:00,49:12.0,40:42.9
1/18/2003 3:39,11/10/1990,37:53.8,1979-06-26 16:18:10.7519331 +00:00,58:53.4,54:11.1
11/8/1994 2:13,1/12/1969,16:50.2,1972-11-20 10:08:33.5442307 +00:00,27:51.3,56:05.1
8/22/2006 16:28,6/15/2001,20:11.7,1957-07-11 00:41:13.0845150 +00:00,00:32.2,20:13.3
8/29/1985 3:41,10/25/1974,16:03.8,1992-01-03 04:36:05.3798002 +00:00,55:47.3,49:13.3
6/20/2006 12:41,12/5/1994,35:58.0,1980-07-26 23:57:36.7491173 +00:00,32:43.0,14:29.5
11/5/2003 20:25,2/16/2004,29:05.6,1984-08-07 06:50:18.1413154 +00:00,35:01.1,24:59.1
2/1/2005 18:12,7/12/2007,04:58.1,1990-09-08 06:48:38.9358586 +00:00,53:16.3,53:57.9
1/26/1993 12:43,2/24/1980,46:30.1,1973-02-10 06:58:15.4402355 +00:00,52:17.0,15:07.9
8/22/2003 5:14,3/19/1973,02:33.4,1988-05-19 09:32:41.9382780 +00:00,31:15.9,21:23.2
12/21/1989 11:30,10/25/1984,22:40.6,1970-08-20 16:57:12.4428336 +00:00,42:36.1,48:17.2
6/13/1995 11:32,6/25/1954,17:06.4,2002-01-17 10:23:25.4195384 +00:00,12:38.6,11:52.0
7/8/1988 16:24,12/19/1960,38:35.4,1994-07-11 07:30:34.7812362 +00:00,25:16.8,05:19.4
9/22/1991 3:55,8/20/1974,15:29.0,1965-11-03 03:03:34.0280938 +00:00,21:04.5,01:46.8
12/12/1990 2:36,12/18/1965,38:34.8,1970-05-20 19:57:11.7173949 +00:00,04:30.5,54:42.4
10/23/1991 5:40,10/3/1964,23:00.7,,24:54.8,46:59.5
7/23/1998 14:07,4/18/1978,32:21.4,2001-07-04 01:28:34.1934674 +00:00,31:45.9,44:57.2
10/24/1996 0:18,3/28/1987,30:47.0,1955-05-16 02:02:18.5945577 +00:00,19:46.3,40:26.9
2/3/2006 14:32,10/21/2005,24:43.0,1954-01-09 22:57:23.0610922 +00:00,07:49.7,47:31.0
7/19/2005 20:22,6/25/1986,04:54.8,1963-01-08 02:40:47.8076220 +00:00,47:03.7,06:08.8
5/16/1988 14:31,11/15/1967,44:31.0,2005-01-27 03:41:57.9801928 +00:00,39:16.2,58:44.8
1/19/1999 21:15,3/27/1953,39:21.6,1965-07-10 01:48:34.0204341 +00:00,01:09.0,33:41.5
8/5/1989 4:16,4/28/1953,52:59.4,1973-10-02 15:53:29.5188481 +00:00,01:15.6,45:33.4
1/24/1993 15:56,10/1/1973,02:12.1,1963-09-15 10:18:27.6413908 +00:00,05:45.6,25:02.8
5/18/2002 5:12,5/27/1996,46:21.5,2006-10-19 13:44:12.2273458 +00:00,11:06.8,43:50.3
1/26/1986 23:48,6/5/1988,23:10.9,1975-06-04 02:56:54.9922778 +00:00,31:43.3,18:19.0
6/13/2005 21:12,6/17/1983,48:31.7,1978-09-30 17:07:25.6677113 +00:00,02:35.8,14:36.2
7/19/1994 23:32,3/5/1966,25:09.9,1974-06-26 23:12:42.8401311 +00:00,41:51.1,14:47.9
2/19/2004 10:35,5/4/1978,05:15.8,1989-09-15 05:16:28.4315146 +00:00,01:47.0,50:43.7
8/3/2006 7:01,10/14/1987,25:03.6,1956-07-01 21:58:27.8403141 +00:00,52:19.8,48:43.2
8/2/1987 8:13,3/25/1976,39:15.8,1953-05-01 15:58:45.5931347 +00:00,41:02.5,25:14.5
11/30/1993 3:16,5/9/1986,38:15.9,1973-08-04 17:31:05.0888602 +00:00,15:02.7,04:48.4
3/2/1989 19:16,8/25/1975,36:01.0,1954-12-27 21:09:49.9354395 +00:00,25:15.8,13:34.6
4/6/1985 16:57,6/26/1972,04:55.7,1988-04-11 15:35:08.6752916 +00:00,40:59.8,12:15.0
4/27/1987 14:53,1/4/1966,30:06.5,1976-01-20 11:41:33.4592503 +00:00,38:53.1,54:56.6
3/25/1997 14:29,9/5/1968,58:27.2,1971-10-29 14:46:03.7433255 +00:00,52:44.7,08:58.2
6/27/1996 0:09,7/9/2002,58:15.5,1963-10-11 19:08:37.4871333 +00:00,51:48.0,35:55.9
6/3/2005 22:06,10/19/1965,21:30.7,1968-04-01 09:42:44.4818215 +00:00,26:35.9,09:08.7
1/31/1990 17:50,4/8/1961,11:21.9,1978-06-04 05:00:32.3940927 +00:00,44:55.3,02:44.8
3/10/2001 1:06,4/3/1994,44:51.8,1980-02-12 01:43:16.1323573 +00:00,50:17.1,43:03.5
2/1/2002 16:09,7/28/1978,21:03.9,1965-04-20 07:55:14.1074313 +00:00,18:37.2,09:55.6
5/5/1983 20:08,10/15/2007,42:30.5,2006-08-31 14:03:40.2286150 +00:00,04:46.0,34:36.4
11/14/1982 13:54,8/26/1957,29:14.0,1966-12-14 17:48:18.3563602 +00:00,45:51.5,36:53.9
3/6/1997 20:22,4/30/1959,42:37.0,1972-07-31 19:52:38.9634126 +00:00,01:16.6,48:56.0
11/3/1997 3:52,12/15/1964,37:24.4,1981-11-11 22:01:05.0272708 +00:00,38:21.8,16:53.0
12/22/1995 14:13,12/22/1959,13:34.9,2000-08-12 00:49:47.1788098 +00:00,41:05.8,30:37.9
11/7/2002 13:08,4/6/2007,18:45.6,2002-05-05 05:45:08.9454584 +00:00,34:55.3,11/27/1986 1:12
3/14/2004 22:13,5/19/2004,46:07.8,1963-09-19 06:33:43.0293116 +00:00,26:02.2,31:34.5
9/16/1986 11:43,5/18/1964,22:28.1,1987-10-22 16:42:52.0823420 +00:00,07:20.5,48:28.5
7/27/1990 4:57,9/15/1978,51:32.5,1988-03-27 07:44:31.3915448 +00:00,38:01.1,26:58.5
8/5/1996 10:20,7/2/1993,26:01.5,,36:01.5,07:33.0
7/29/1998 12:00,10/19/1967,53:55.7,1983-06-25 07:29:05.8177676 +00:00,51:57.2,45:35.1
4/8/1982 5:04,11/27/1957,07:58.7,1975-08-23 14:47:44.8147950 +00:00,01:46.1,28:17.3
12/5/1994 14:45,3/29/1979,32:55.7,2001-12-25 13:15:20.7600518 +00:00,58:58.5,56:42.3
11/12/2007 3:13,4/28/1985,31:27.9,1999-07-14 09:12:15.2300648 +00:00,12:31.7,31:39.1
6/16/1984 10:36,12/4/1977,22:54.2,1960-09-10 16:56:30.8047170 +00:00,48:03.0,07:01.3
6/14/1993 23:22,7/16/1990,44:54.4,1959-12-18 20:49:19.1593748 +00:00,57:37.8,08:37.8
10/14/1981 10:17,4/14/2003,14:38.1,1996-08-04 08:54:01.0504834 +00:00,22:05.7,31:02.3
4/6/1984 11:16,1/20/1958,33:50.1,1968-10-12 05:59:43.1105423 +00:00,49:25.4,36:23.0
8/2/2007 3:53,5/22/1994,52:53.0,1974-01-31 20:24:21.3168850 +00:00,24:04.1,30:54.3
1/6/1981 15:28,6/20/1964,47:26.4,1990-02-05 21:44:18.0922372 +00:00,30:07.2,59:53.3
4/18/1989 20:53,12/15/1990,03:55.7,1966-04-05 11:28:39.7120888 +00:00,53:09.9,10:11.2
12/14/1980 7:36,3/11/1982,59:42.3,1959-02-01 00:44:53.9089862 +00:00,51:29.3,03:14.3
6/25/1994 5:42,5/13/2000,21:26.5,2002-11-22 01:33:49.7098008 +00:00,59:57.1,26:24.7
1/20/1996 21:01,12/25/2004,23:17.7,1987-03-10 08:50:11.0955446 +00:00,50:13.5,56:08.8
1/21/2004 8:15,6/18/2006,44:24.8,1972-10-12 14:59:29.8471008 +00:00,27:33.5,43:28.8
4/12/1986 16:16,11/1/1986,41:05.4,1967-10-16 16:01:36.8494177 +00:00,47:22.8,58:17.4
4/3/1983 23:27,6/25/1996,33:39.6,1968-08-24 19:47:22.5073940 +00:00,44:16.9,53:04.4
5/27/1984 13:01,8/17/1961,45:22.5,1966-10-08 18:48:16.7442470 +00:00,42:11.4,06:50.2
9/17/2001 12:07,4/14/2005,40:07.7,1971-06-22 19:49:01.3219858 +00:00,11:45.9,45:44.2
4/27/2003 5:32,3/28/1970,24:45.2,2002-01-04 12:17:30.2847684 +00:00,33:06.9,11:03.6
2/17/2001 16:01,6/30/1965,10:50.7,1959-08-11 00:48:34.2302616 +00:00,05:10.0,35:48.5
9/23/1986 6:28,12/21/1978,19:25.1,1986-04-04 15:45:49.7116458 +00:00,34:51.0,37:42.0
11/26/1984 13:25,7/20/1964,39:51.2,1984-12-10 21:01:46.2004650 +00:00,17:32.7,04:27.5
6/18/1983 4:12,11/28/1960,43:50.9,1981-11-27 21:14:06.9287348 +00:00,28:26.5,56:13.1
1/11/1985 18:23,1/31/1968,02:00.5,2005-09-18 18:45:33.7001906 +00:00,34:30.2,24:08.4
3/7/1996 7:21,8/1/2003,10:07.5,2006-05-28 13:38:17.7515778 +00:00,15:17.5,56:47.6
5/30/2000 7:55,12/30/2001,10:22.4,2006-07-26 08:00:15.6640740 +00:00,59:59.0,56:37.3
3/23/2003 12:04,10/17/1961,24:47.6,1954-03-04 20:00:50.5554355 +00:00,27:23.8,08:09.8
5/27/1986 14:58,6/7/1989,32:46.7,1989-11-02 12:17:22.6141200 +00:00,30:01.0,13:12.4
3/21/1991 10:41,3/2/1989,04:25.3,1959-03-10 12:54:25.0485359 +00:00,56:48.0,05:33.0
3/31/1981 22:59,1/28/1987,02:23.9,1981-01-28 21:11:46.0468194 +00:00,36:33.6,43:01.6
11/3/1987 11:48,10/18/1954,02:41.8,1968-01-13 10:33:42.6383997 +00:00,34:30.7,26:19.4
7/26/1993 5:38,8/19/2007,13:43.3,1994-09-04 06:29:50.7577892 +00:00,23:45.9,23:45.2
12/28/1989 20:41,4/13/2002,59:02.1,1954-06-21 21:31:57.0399699 +00:00,16:18.3,41:10.2
1/2/1997 20:14,6/7/1961,45:20.1,1981-01-06 14:29:22.0225464 +00:00,49:05.3,39:39.3
8/24/1991 22:11,6/13/1981,30:17.2,1985-09-08 01:11:00.7783398 +00:00,13:16.6,36:31.0
3/28/2002 4:31,5/29/2004,03:05.3,1979-08-10 04:15:44.3288085 +00:00,26:17.4,16:52.3
5/25/1985 13:44,2/28/1995,33:27.9,1963-06-15 11:57:34.7053746 +00:00,28:28.2,40:35.9
11/11/1982 4:17,1/31/1996,07:12.3,1980-08-01 22:38:37.8705745 +00:00,50:50.0,47:55.3
10/11/1983 15:07,2/20/1986,13:32.8,1969-02-02 14:52:14.2998754 +00:00,55:06.8,00:20.5
9/13/1994 13:51,3/28/2007,43:37.4,1983-03-26 05:52:02.6928422 +00:00,29:42.3,04:53.6
,9/30/1960,47:40.6,2002-12-29 13:08:54.3765910 +00:00,37:10.4,32:45.7
2/27/2001 10:50,11/18/1974,,2002-02-28 13:18:23.1649364 +00:00,20:51.2,31:50.5
7/1/1990 13:57,10/14/1982,18:28.9,1996-04-27 07:16:14.3018556 +00:00,20:09.8,43:10.2
3/3/2000 9:38,8/14/1995,57:25.5,1966-11-09 14:14:36.4202685 +00:00,25:27.2,59:44.5
10/15/1992 19:16,8/7/1978,17:08.2,1959-03-21 07:10:20.1984451 +00:00,13:16.6,31:22.1
5/22/1982 12:31,4/15/1965,42:48.2,1956-10-10 12:29:50.5188144 +00:00,45:54.3,10:29.2
5/21/1996 8:12,5/5/1962,07:47.6,1987-10-06 08:58:07.2608156 +00:00,11:03.1,52:47.2
2/14/1981 23:21,6/30/1966,19:19.3,2007-10-19 04:53:09.1163118 +00:00,10:48.3,33:24.1
10/12/2001 19:38,2/20/1981,52:59.6,1967-01-28 05:59:28.1778531 +00:00,53:43.0,32:20.5
9/10/1989 21:57,10/13/1963,32:29.5,1984-12-19 05:02:24.6714158 +00:00,50:38.3,19:41.6
8/6/1999 13:40,10/3/1995,45:05.9,1988-07-28 10:56:52.2012112 +00:00,43:50.8,24:44.4
10/19/1999 9:11,2/4/1967,00:45.3,2000-03-28 10:44:41.7073258 +00:00,55:34.6,02:44.3
12/28/1992 23:36,6/20/1961,42:20.4,1993-10-17 04:25:21.7975734 +00:00,04:54.2,15:54.9
3/31/1995 23:26,1/2/1981,26:47.4,1981-08-18 06:55:57.1612832 +00:00,30:51.5,31:44.4
6/17/2003 18:19,10/28/1996,15:10.8,2005-03-21 15:43:16.1061220 +00:00,17:06.1,07:53.1
11/6/1991 5:31,5/9/2001,34:30.6,1998-09-11 17:45:58.6143300 +00:00,44:13.4,23:49.8
5/11/2005 15:39,5/1/1971,28:07.5,1973-01-28 16:01:13.8313169 +00:00,30:32.0,00:29.2
6/20/1991 10:33,3/30/1970,49:04.9,2001-10-24 14:26:41.5298742 +00:00,38:01.5,07:30.7
10/31/2002 8:50,5/6/1982,29:27.4,1962-04-15 03:18:13.0531393 +00:00,32:45.6,
4/10/1996 3:16,7/17/1996,12:46.6,1961-05-24 12:49:03.4953010 +00:00,57:38.8,10:13.7
1/14/2001 15:27,6/28/1994,34:31.9,1995-06-03 12:53:10.4950476 +00:00,54:41.9,12:00.4
7/23/1986 22:13,8/14/1976,49:50.5,1986-12-09 17:42:20.4964222 +00:00,19:24.4,22:52.5
11/9/2005 20:18,3/23/1958,01:03.5,1967-11-25 07:29:56.2683490 +00:00,27:16.1,23:10.6
5/13/1996 17:12,5/24/1985,48:27.6,1962-01-09 00:32:32.0454177 +00:00,53:33.6,25:21.3
10/7/2007 16:29,2/27/1989,45:02.5,2006-03-23 00:54:57.0736892 +00:00,18:39.3,16:51.7
6/16/1981 9:05,7/23/1982,01:13.9,1972-05-28 18:15:03.1511970 +00:00,27:43.4,43:51.8
5/21/1995 1:59,1/30/2006,45:59.0,2001-06-03 04:01:52.6698308 +00:00,43:38.8,39:29.0
6/27/1984 9:01,7/21/1996,22:24.3,1959-03-04 18:20:49.0729982 +00:00,01:08.1,45:14.5
1/17/2007 0:47,1/6/1978,37:57.6,1995-02-03 13:48:29.0687610 +00:00,14:16.9,16:29.5
5/29/1992 10:03,6/5/1990,14:07.6,1996-03-07 11:45:52.5206092 +00:00,21:05.4,06:57.8
1/15/1992 11:46,4/28/1954,38:00.1,1958-03-13 07:49:47.8020194 +00:00,15:48.8,41:25.1
11/8/2005 9:44,7/18/1973,00:11.8,1994-03-07 20:09:38.8736726 +00:00,51:21.4,12:28.5
7/17/1981 8:44,2/23/1972,38:10.2,1955-05-21 04:56:47.0221104 +00:00,16:39.0,18:54.9
12/7/1997 21:00,1/1/1971,26:34.9,1971-10-13 06:25:27.5919262 +00:00,03:24.6,45:23.7
8/13/1988 15:40,10/1/1957,41:07.8,1964-08-11 11:39:39.8536705 +00:00,27:59.6,06:10.0
12/21/2007 5:11,2/3/1957,23:10.1,1992-02-04 02:27:26.5467092 +00:00,13:59.9,03:02.9
3/23/2004 16:32,10/7/1989,00:56.2,1996-08-14 13:45:31.8986094 +00:00,57:22.9,05:51.5
9/24/1992 3:48,4/16/1973,42:25.8,1968-01-20 06:59:30.5084665 +00:00,02:59.3,21:17.3
9/1/1998 8:57,6/26/1997,26:42.7,1999-07-02 11:35:13.5017454 +00:00,21:13.6,56:28.7
8/23/1982 5:52,4/18/1991,19:12.3,2002-08-19 01:08:27.2327632 +00:00,29:23.2,52:46.3
,8/27/1992,02:20.0,1971-10-21 23:02:08.4032582 +00:00,48:55.9,46:18.5
10/16/2007 23:09,4/20/2003,51:03.1,1954-05-16 15:07:41.4391237 +00:00,16:35.6,03:50.1
4/15/1999 8:34,4/17/1961,31:48.0,1975-10-07 06:17:54.4362669 +00:00,36:18.0,34:45.7
6/10/1981 16:26,5/21/1978,00:17.2,1982-03-21 07:52:00.3771202 +00:00,06:09.7,40:51.9
9/14/2004 17:02,4/27/1999,19:19.4,2000-07-02 10:14:53.8456082 +00:00,52:42.8,45:51.4
8/14/1999 21:01,9/14/1995,01:38.6,1975-10-16 23:49:00.9310740 +00:00,38:56.1,18:17.3
6/12/1989 13:49,3/1/1999,20:21.4,1953-11-19 02:04:28.9602156 +00:00,18:51.7,23:35.1
11/4/2002 12:12,4/12/1974,46:55.9,1980-11-02 14:35:59.8786868 +00:00,45:26.8,07:50.3
4/26/2006 6:13,8/9/1972,43:51.3,1983-10-17 22:46:05.9164244 +00:00,31:59.2,09:25.8
7/13/1994 2:22,2/5/1988,10:49.6,1994-12-27 07:25:02.1640096 +00:00,29:03.2,31:46.2
2/27/1985 14:42,1/29/1986,02:09.7,1959-07-13 12:14:30.4974916 +00:00,55:45.4,12:41.2
4/14/1994 6:33,12/2/1977,14:00.5,1969-08-20 21:30:53.1755003 +00:00,50:26.7,16:23.1
10/8/1990 17:58,9/27/1966,04:00.5,1971-04-20 19:20:24.8174350 +00:00,18:04.5,33:05.3
7/25/1990 4:54,8/6/1997,54:25.7,1960-09-12 02:03:10.8045743 +00:00,57:28.1,37:41.6
8/2/1994 1:02,9/30/1965,39:00.8,1995-10-22 16:58:52.1977946 +00:00,35:00.4,48:20.0
9/25/1990 23:40,2/16/1992,53:46.9,1969-01-20 19:26:33.8801689 +00:00,17:46.0,42:01.2
2/21/1988 15:37,8/29/1969,46:37.1,1987-04-07 05:48:26.8965876 +00:00,53:35.1,09:35.1
4/19/2003 14:33,5/23/2005,30:01.3,1987-04-20 06:43:42.2564378 +00:00,26:36.2,06:29.2
2/16/2002 20:46,6/18/1959,12:23.0,,06:48.0,26:18.6
5/26/2000 17:09,1/15/2004,15:54.3,1968-08-18 13:19:39.3465793 +00:00,45:33.2,15:52.7
5/2/1991 10:10,3/17/1967,56:49.2,1994-10-22 12:55:17.0472482 +00:00,02:15.5,51:53.1
1/1/1995 10:32,10/14/1973,45:23.2,1963-05-09 08:27:57.8489836 +00:00,09:55.0,25:14.6
11/24/1991 23:10,6/24/1996,41:21.8,1981-08-04 14:37:18.1878174 +00:00,56:31.4,36:17.8
1/28/1982 22:34,9/17/1998,38:52.0,1965-09-15 15:04:40.0475507 +00:00,32:37.6,26:26.4
5/16/1989 9:34,6/17/1962,54:29.4,1978-11-21 18:13:35.6572438 +00:00,34:49.6,50:55.3
8/26/2005 10:12,3/19/1975,44:54.1,1979-10-09 21:12:36.8693964 +00:00,52:29.4,07:13.1
9/27/2001 3:57,12/12/2002,22:35.1,2002-05-22 14:47:13.3275386 +00:00,38:55.6,05:49.5
4/4/1998 0:27,6/19/1998,15:45.5,1997-11-09 05:47:54.6852152 +00:00,01:29.6,17:20.6
1/21/2003 2:36,4/4/1976,45:39.6,1975-01-05 21:59:54.2056473 +00:00,02:51.9,09:44.9
8/18/1986 7:45,9/25/1992,52:00.7,1970-01-07 19:16:17.3076127 +00:00,03:06.2,28:41.6
6/27/2003 13:09,8/2/1964,33:34.4,1966-02-16 13:15:49.5594128 +00:00,46:50.5,02:01.6
8/14/1995 13:00,1/14/2006,45:41.7,1955-01-29 04:00:26.7157204 +00:00,27:32.7,
8/17/1992 11:51,10/3/1980,22:22.2,1958-01-10 09:01:43.3228504 +00:00,16:47.9,02:32.5
10/18/2000 1:36,1/19/1999,10:15.1,1955-04-26 02:51:28.0281287 +00:00,03:22.4,04:00.5
3/10/2000 2:58,11/20/1956,10:26.7,1967-08-27 02:09:45.8203760 +00:00,08:42.9,14:44.4
6/24/1996 4:07,3/10/1999,43:28.8,1997-08-02 13:46:55.0920428 +00:00,38:06.3,23:55.2
10/2/1981 6:53,4/29/1968,18:02.5,1994-01-18 21:45:29.0559238 +00:00,43:06.4,08:10.3
2/12/1985 5:47,11/2/1987,00:46.3,1964-03-05 11:24:26.0601554 +00:00,21:06.4,48:06.8
2/25/1981 3:15,1/27/1994,29:08.3,1993-09-04 23:37:55.8912290 +00:00,00:50.8,42:18.7
9/28/2004 20:11,6/15/2001,43:23.9,1969-07-08 14:17:38.1998096 +00:00,39:43.2,39:29.8
4/27/1998 2:40,5/25/1991,40:52.4,1983-06-08 01:05:56.1426152 +00:00,08:51.7,58:34.4
8/11/1986 20:53,10/21/1984,59:03.1,1971-07-11 16:10:34.1909814 +00:00,58:12.0,20:16.7
1/23/1997 19:47,12/13/1976,38:33.0,1973-08-01 13:25:52.7911441 +00:00,29:08.9,31:38.7
12/15/1997 6:40,12/1/1997,27:08.0,1983-05-17 19:34:43.1565738 +00:00,45:13.7,35:48.7
11/19/2001 10:04,5/7/1957,11:57.9,1953-02-08 06:23:26.9047513 +00:00,25:20.0,44:43.3
2/14/2006 3:31,5/27/1984,23:59.6,1989-08-26 23:31:22.0231176 +00:00,25:22.1,54:16.6
4/8/1981 17:47,10/22/1959,56:11.3,1996-07-22 10:18:54.6265192 +00:00,33:16.9,25:02.0
4/17/1995 4:49,7/20/1982,43:44.5,1975-11-19 00:49:14.0562376 +00:00,19:11.0,39:23.2
12/15/1994 7:43,4/4/1958,47:34.1,2002-09-07 02:53:36.2175362 +00:00,28:24.2,41:13.3
3/14/1987 21:20,8/15/1973,47:20.9,1983-12-21 13:26:35.3941318 +00:00,10:13.6,57:03.7
6/23/1980 0:02,6/8/1995,36:33.0,2003-07-21 16:13:05.9735016 +00:00,20:24.8,24:08.8
9/2/1984 14:37,5/16/1992,30:54.9,1957-10-30 20:38:59.6501216 +00:00,30:46.6,53:27.8
2/4/1982 19:46,10/31/1966,30:02.8,1962-04-28 07:01:49.6421717 +00:00,56:11.3,59:22.3
4/29/2000 10:39,6/11/2001,10:48.3,2007-06-02 17:39:51.1618872 +00:00,35:40.4,54:58.7
5/2/1987 22:46,2/1/1977,22:23.1,1957-09-10 22:39:56.4544974 +00:00,27:07.7,40:36.0
8/21/1995 19:20,11/15/1971,16:56.7,1992-04-12 16:40:29.3837798 +00:00,39:00.9,00:53.2
11/22/1995 23:58,10/28/1959,09:41.4,1998-03-18 08:24:50.2154408 +00:00,20:04.1,21:03.8
3/17/1997 10:00,8/1/1970,52:55.9,1996-08-30 00:03:01.3915730 +00:00,03:40.4,27:32.3
1/25/2000 6:52,12/4/1968,05:47.8,2004-11-14 12:04:18.7790230 +00:00,31:20.1,08:19.3
1/19/2007 6:51,2/9/1977,34:25.3,1955-06-13 10:39:23.5077237 +00:00,00:13.4,49:56.6
11/16/2005 17:04,10/3/2000,39:03.4,2006-02-09 19:27:40.5180694 +00:00,00:00.5,38:38.3
3/10/1999 13:22,9/12/1953,04:35.9,1985-12-06 18:01:06.2458588 +00:00,17:22.1,12:27.8
,1/7/2006,01:16.3,1986-11-13 04:04:34.7545684 +00:00,42:34.9,06:14.5
10/14/2007 9:36,11/15/1987,51:50.7,1963-10-27 19:19:42.5710740 +00:00,28:53.0,58:05.4
9/8/1999 22:27,7/5/1976,37:15.2,1970-09-01 09:30:16.3570116 +00:00,,40:44.2
1/15/1999 13:13,1/15/1988,16:28.0,1992-11-29 03:24:35.4482894 +00:00,42:12.7,29:44.6
7/16/1997 1:43,2/28/2005,51:38.3,1954-07-04 03:12:47.1746412 +00:00,28:12.7,10:08.7
8/27/1981 18:41,9/9/1975,53:45.4,1967-04-28 18:39:25.1473716 +00:00,33:38.8,12:22.6
12/20/1997 16:22,9/17/1993,43:59.0,1956-08-25 17:10:38.9970590 +00:00,14:42.1,18:20.9
5/16/1998 1:57,7/24/1974,55:32.0,1971-02-09 12:16:15.7125315 +00:00,48:45.2,13:46.3
2/6/2006 20:55,10/19/1976,35:44.4,1954-10-04 19:13:23.1418705 +00:00,56:54.1,40:09.7
12/24/1988 16:47,10/27/1989,45:50.8,1957-11-18 08:02:07.8200135 +00:00,34:39.6,53:54.4
1/9/1983 9:50,4/27/1964,00:53.0,2001-08-01 06:10:31.0053586 +00:00,32:28.6,27:16.4
2/22/2002 11:18,1/2/1966,28:59.1,1970-10-13 16:26:04.0566282 +00:00,25:45.5,26:59.4
5/20/2005 0:35,8/24/1965,35:01.9,1993-03-12 12:13:43.2039642 +00:00,27:04.8,27:44.2
1/30/1982 14:29,5/27/1990,57:46.1,1976-04-13 20:44:42.8562667 +00:00,36:41.5,55:35.9
9/20/1984 13:17,11/1/2004,06:50.2,,04:03.5,20:14.4
12/7/2005 14:46,7/24/2006,14:13.7,1997-10-06 19:02:05.0578394 +00:00,40:46.1,49:25.9
12/9/2001 16:31,5/13/1994,26:54.2,2006-03-19 19:02:35.0312436 +00:00,11:17.8,51:34.5
3/10/1988 12:30,1/21/1986,30:29.8,1965-08-08 08:41:13.1427994 +00:00,07:17.7,32:09.8
4/1/1991 6:04,5/28/1968,48:42.8,1997-03-26 18:42:13.6341262 +00:00,09:27.5,25:53.3
5/19/2004 16:24,,38:50.6,1991-03-19 10:53:42.2428774 +00:00,19:12.6,27:49.9
6/12/1986 23:08,5/25/1973,28:11.4,1979-07-05 13:57:59.2713012 +00:00,19:44.6,24:36.2
4/20/1983 16:43,3/18/1993,58:18.7,2003-03-04 02:54:18.4676792 +00:00,33:05.5,20:16.9
11/9/1995 5:16,8/21/1955,15:27.6,1999-01-15 08:33:18.8115156 +00:00,52:38.3,45:36.1
2/25/1986 7:43,4/19/2005,02:39.5,1974-06-19 03:03:11.3341112 +00:00,42:41.4,35:13.8
10/24/1998 22:31,3/18/1980,15:38.9,1961-04-19 16:36:49.9092911 +00:00,16:03.9,02:39.3
7/9/1993 17:14,3/17/1992,11:33.8,2000-10-01 20:58:37.0735488 +00:00,31:21.4,07:33.8
4/19/2000 1:13,4/24/1987,47:52.0,1958-08-09 15:21:52.1609632 +00:00,41:07.6,23:24.4
6/18/1993 2:50,12/18/1974,53:30.0,2005-08-14 04:11:31.5736312 +00:00,36:14.7,13:51.3
7/20/1984 7:38,1/5/1993,33:47.5,1983-05-15 09:29:16.4365964 +00:00,29:42.0,02:51.4
8/2/1980 4:08,5/13/1992,25:06.6,2007-05-17 05:22:04.8766022 +00:00,18:02.2,40:38.0
7/16/1992 20:54,9/29/2005,54:58.5,2005-05-20 21:42:27.6643508 +00:00,39:26.1,39:47.5
1/17/1993 22:56,11/29/1971,54:43.0,1967-04-20 23:20:07.2811324 +00:00,49:46.3,52:22.1
2/5/1982 20:24,12/18/1969,04:20.5,1991-03-26 12:58:32.3835050 +00:00,00:37.4,00:51.5
11/12/2006 3:08,9/12/1953,36:16.5,1971-05-28 18:49:57.6817402 +00:00,39:42.7,46:06.7
2/16/2007 13:18,9/12/1990,57:46.8,2005-07-01 07:04:49.8967564 +00:00,51:29.7,14:02.3
10/28/1986 11:17,10/14/1986,46:42.4,1992-08-27 12:05:59.4364130 +00:00,15:37.1,33:33.2
5/16/2005 21:21,1/29/1997,49:52.8,1962-10-06 18:06:10.2200701 +00:00,00:15.9,55:04.6
11/29/2006 17:27,5/30/1974,55:29.8,1965-09-16 10:04:26.7995622 +00:00,03:01.0,14:58.7
5/6/1984 8:21,4/23/1977,32:21.3,1968-03-11 02:58:51.4564621 +00:00,57:07.2,44:07.9
6/19/2004 8:49,3/30/1987,02:25.9,1988-02-24 20:18:34.8484764 +00:00,51:43.3,12:39.4
4/19/1991 1:26,2/13/1992,59:45.5,1982-03-27 15:39:29.4791474 +00:00,18:34.8,21:02.3
12/1/2004 2:52,11/1/1996,52:02.1,1972-03-26 07:38:35.0591785 +00:00,30:25.8,27:26.9
11/6/1996 10:48,9/11/1991,11:36.5,1984-07-29 14:37:20.5050046 +00:00,31:30.1,16:54.0
3/20/2006 4:34,10/27/2004,50:42.2,1982-03-19 18:13:12.2522612 +00:00,35:34.0,30:14.4
6/13/2005 14:12,8/13/1958,30:01.9,1998-09-03 08:10:58.1534880 +00:00,47:56.2,26:11.4
7/11/1990 3:20,1/20/1981,01:03.7,1964-03-30 14:28:28.6447630 +00:00,05:01.1,32:22.9
9/16/1984 19:12,10/29/1953,35:46.5,1999-07-15 14:35:45.5855436 +00:00,29:06.5,27:14.6
3/30/1998 20:10,10/19/1988,24:37.0,1967-03-24 05:26:07.9579229 +00:00,58:58.9,45:00.1
8/12/1982 9:28,9/8/1994,10:06.5,1989-05-29 01:55:13.5982308 +00:00,23:04.2,40:38.7
9/13/1997 4:35,1/13/1975,55:27.6,2002-07-06 21:38:24.3259402 +00:00,58:14.8,31:38.0
12/13/2001 7:28,4/6/1961,26:01.8,1999-12-29 13:22:15.1841972 +00:00,08:46.4,35:57.8
1/6/1989 21:29,3/20/1984,35:18.0,1984-01-23 15:21:48.2487736 +00:00,56:22.7,36:09.5
10/26/1988 0:47,11/14/1990,45:42.5,1960-08-21 17:22:05.1448967 +00:00,21:52.6,24:03.3
9/1/1982 14:27,9/14/1961,00:12.8,1972-03-25 23:45:41.2648465 +00:00,41:00.8,10:48.4
6/6/1999 17:56,5/11/1980,36:24.5,1979-08-09 05:29:41.2467682 +00:00,40:15.9,47:51.5
11/20/1995 20:38,6/26/1968,,1990-10-04 15:06:47.7781798 +00:00,44:16.6,45:57.6
12/6/1991 4:20,5/20/2003,02:57.7,1995-10-28 19:31:15.9430528 +00:00,49:56.6,12:29.3
7/14/1993 14:43,7/28/1990,36:23.0,1997-05-09 16:16:31.2369628 +00:00,46:11.6,05:30.4
3/23/1980 14:42,4/18/2004,34:35.7,1962-05-15 16:53:26.4477205 +00:00,26:08.7,27:05.3
1/7/1984 8:29,10/30/2003,00:49.1,2000-02-27 06:25:58.3747406 +00:00,56:51.3,02:34.9
5/9/1989 17:29,11/7/1970,40:04.4,2003-11-24 11:50:55.0136778 +00:00,52:31.2,48:58.2
7/4/1984 13:32,9/22/1953,05:53.4,1969-09-13 14:27:53.5737402 +00:00,38:27.4,04:29.6
10/26/1993 18:19,9/12/1953,50:29.0,1981-04-12 07:41:22.5604626 +00:00,19:03.2,10:54.9
7/7/2005 16:46,3/12/1990,21:44.5,1971-09-25 06:54:10.8359295 +00:00,38:51.9,59:31.8
6/8/2004 19:54,1/20/1979,10:37.8,1957-05-15 21:30:55.4775196 +00:00,55:13.5,14:06.9
12/21/1997 10:55,11/29/1970,50:52.3,1998-07-30 08:42:00.5388810 +00:00,42:42.3,34:54.2
1/17/2000 14:53,5/10/2002,06:10.0,1963-05-09 17:11:58.6218535 +00:00,25:08.1,26:07.9
7/7/2006 21:28,4/23/1965,24:38.6,,47:22.0,41:37.5
12/14/1982 1:11,12/12/1982,58:45.4,2007-05-17 21:36:06.3748880 +00:00,45:11.8,41:33.7
11/23/2005 2:01,8/14/1956,59:59.3,1995-09-11 05:08:53.3072078 +00:00,48:26.3,46:41.2
,10/4/1960,20:07.9,1991-08-17 08:38:43.4198536 +00:00,40:30.2,54:21.3
7/23/1980 17:25,2/25/1985,24:20.9,1988-01-02 00:55:54.8377692 +00:00,08:16.8,36:35.8
1/9/2003 23:05,1/21/1970,31:24.3,1993-07-04 08:58:08.2316814 +00:00,10:10.5,48:01.9
11/5/1983 4:09,10/24/2006,58:08.5,2005-05-29 05:42:21.6863372 +00:00,17:44.1,13:13.9
10/11/1994 21:15,4/14/1984,46:16.8,1962-01-31 22:23:38.7856498 +00:00,00:37.8,06:47.6
1/31/1993 14:58,7/23/1984,39:05.1,1961-12-23 19:14:12.7637297 +00:00,49:18.9,57:09.3
7/11/1989 20:16,7/9/1954,36:09.4,1960-04-11 06:19:24.2121227 +00:00,01:35.4,03:22.9
6/13/1994 5:56,10/25/1958,46:42.2,1971-08-06 12:16:57.9626745 +00:00,17:04.3,15:21.7
8/21/1997 0:43,9/8/1999,24:45.4,1969-10-29 14:20:06.5592544 +00:00,54:45.3,09:02.4
9/12/1988 17:31,2/27/2007,32:37.6,1983-10-15 18:52:13.1806232 +00:00,11:02.8,30:16.5
4/15/1988 19:10,5/20/1991,14:35.2,2005-01-19 02:08:21.2645280 +00:00,02:14.9,40:19.3
10/22/1988 22:01,7/6/2006,35:47.4,1954-03-21 06:22:51.4880051 +00:00,42:08.7,38:24.3
1/20/1982 5:03,4/10/1988,23:15.0,1999-05-18 09:55:44.2030402 +00:00,13:10.5,33:12.5
11/6/1990 17:21,12/25/1970,43:23.5,1969-03-19 02:16:17.9754006 +00:00,31:27.1,31:13.5
,2/8/1984,38:19.8,1988-11-07 11:50:52.1106560 +00:00,09:15.8,04:40.1
11/6/1994 3:03,7/13/1974,59:04.8,1960-05-19 15:59:49.6924048 +00:00,43:03.4,03:37.9
8/19/1986 20:41,1/15/1989,19:40.5,1974-04-29 06:20:39.4155773 +00:00,27:53.7,28:18.9
7/10/1983 23:24,4/6/1961,09:00.5,1959-08-31 05:58:02.1362357 +00:00,19:36.6,50:03.1
3/24/1984 22:08,5/3/1981,04:07.7,1972-01-01 13:12:51.1186586 +00:00,59:26.9,58:15.1
6/6/2007 5:58,3/19/1975,59:52.0,1999-10-19 13:20:16.4349720 +00:00,07:13.0,28:04.7
6/8/1987 9:11,5/27/1991,54:49.1,1967-09-28 15:58:02.1185767 +00:00,25:40.5,21:03.9
3/29/1991 16:39,7/5/1959,10:19.3,2004-10-29 16:34:43.4933604 +00:00,14:04.3,49:34.2
11/22/2002 6:57,2/10/1978,15:17.1,1973-05-29 01:49:38.9831073 +00:00,36:52.2,47:53.4
11/3/1991 6:37,6/24/1981,54:40.7,1956-05-04 17:11:00.3518416 +00:00,00:15.9,41:33.0
9/8/2006 2:45,5/23/1969,52:16.9,1976-01-12 20:32:53.0817215 +00:00,59:12.1,23:41.2
4/29/1980 23:51,5/24/1991,56:32.6,1992-04-01 08:27:39.8347984 +00:00,40:07.4,16:32.7
2/10/1995 15:20,2/21/1996,09:16.5,1965-07-15 01:11:35.9054072 +00:00,11:22.5,16:32.0
,7/3/1954,30:17.5,1998-12-13 23:57:12.4987158 +00:00,52:38.1,17:22.2
10/15/1986 11:54,10/8/1978,00:58.7,1965-11-05 07:43:09.6690751 +00:00,40:20.5,16:07.5
2/5/1991 8:33,9/14/1995,59:49.9,1977-11-04 20:42:16.7747415 +00:00,05:13.9,51:17.2
5/1/1999 18:03,9/12/1986,23:51.8,1953-02-04 23:28:57.6146069 +00:00,39:53.1,8/24/1966 9:06
10/11/1981 8:40,7/8/1996,36:25.1,1953-11-22 21:16:30.0229095 +00:00,41:44.5,45:37.1
6/24/1987 3:17,11/8/1958,37:01.1,2000-02-27 16:59:39.2106556 +00:00,13:47.1,03:26.4
6/23/1998 12:28,1/26/1991,24:37.7,1979-07-13 00:17:14.6507152 +00:00,34:37.9,53:57.6
3/11/1986 21:45,4/12/1967,49:58.6,2005-10-11 17:16:30.1783772 +00:00,17:44.6,37:16.6
4/17/1995 18:58,2/9/1984,31:06.7,1967-07-06 20:42:29.4881709 +00:00,00:29.6,59:22.0
9/18/1984 7:28,3/1/1967,54:37.4,1959-06-28 04:24:06.9525157 +00:00,46:12.2,48:07.6
2/20/1997 11:09,1/21/1992,37:09.5,1986-08-26 09:39:26.5624364 +00:00,04:08.5,10:49.4
12/3/2006 8:24,6/1/1985,59:25.7,2006-07-20 18:58:26.3592468 +00:00,40:23.0,04:00.8
3/4/1985 17:19,10/20/2003,21:07.8,1963-04-04 04:31:28.5011168 +00:00,50:57.0,50:42.2
1/14/2002 3:32,12/20/1966,00:15.1,1972-04-29 23:10:17.0346455 +00:00,42:41.2,42:34.6
7/30/1997 23:30,7/27/1997,16:15.5,1972-03-01 02:49:49.8155051 +00:00,32:52.3,57:07.6
11/25/1989 21:40,11/20/1998,11:37.6,1978-12-31 05:11:09.3837983 +00:00,51:26.3,56:28.0
6/9/1981 14:42,2/20/2005,01:58.1,1966-07-26 21:24:18.0563397 +00:00,15:06.0,56:48.8
4/16/2002 3:38,6/13/1965,46:13.9,1965-04-25 14:45:05.1831925 +00:00,54:36.4,22:15.6
10/31/1984 21:11,5/4/1972,04:17.1,1998-12-10 00:03:06.8867352 +00:00,10:22.5,10:33.8
12/7/1999 19:32,6/13/1973,42:38.4,1957-07-10 01:55:10.8106377 +00:00,25:16.9,31:17.0
3/16/2003 10:28,9/19/1990,07:05.6,1953-06-28 12:11:35.5983396 +00:00,47:36.1,39:41.5
4/20/1987 12:25,2/2/1959,43:24.7,,29:36.1,54:51.6
8/27/2001 20:11,7/11/1957,11:33.0,2000-06-03 19:50:30.4498066 +00:00,12:10.1,10:29.0
12/20/2006 15:16,11/14/1989,31:11.8,1964-05-08 14:54:21.1435246 +00:00,14:48.6,06:35.4
11/18/1998 20:04,2/4/1994,57:09.6,1991-01-16 15:10:16.0619424 +00:00,05:31.5,36:04.7
11/29/2000 20:29,12/21/1991,20:30.9,1991-12-01 02:43:58.4026454 +00:00,47:55.2,43:22.4
9/28/1993 12:46,9/26/1960,58:53.3,1999-05-08 03:59:07.5031950 +00:00,37:58.8,13:29.0
8/12/2000 8:56,3/20/1973,05:10.3,1960-07-30 08:15:49.9399159 +00:00,22:45.8,25:37.2
1/30/1999 12:16,4/2/1954,09:48.5,1980-12-14 13:10:51.1886311 +00:00,26:25.9,04:47.2
9/16/1999 8:32,1/17/1960,09:03.8,1994-10-17 16:03:59.9264932 +00:00,31:24.5,48:42.4
1/1/1983 19:03,7/29/1996,36:43.7,1967-08-06 23:06:15.8546620 +00:00,09:54.5,06:28.9
9/19/1996 10:48,6/3/1990,05:51.6,1990-03-02 15:47:07.8798398 +00:00,18:32.0,49:32.6
5/2/2004 20:20,11/22/2000,49:44.3,1982-05-18 09:09:28.6046158 +00:00,20:30.4,50:14.9
7/8/1983 4:18,6/2/1996,29:48.6,1977-10-31 13:55:58.9508514 +00:00,37:56.4,40:37.3
8/31/2007 5:56,1/6/1953,05:51.8,2004-06-09 18:02:36.8583224 +00:00,08:57.2,46:00.7
4/19/1986 3:04,1/17/1988,45:43.5,1969-04-28 06:22:11.7134070 +00:00,36:43.7,59:14.2
6/5/2006 11:44,12/25/1956,24:55.6,1958-10-02 04:33:48.2935993 +00:00,49:31.4,17:45.2
2/11/2003 11:54,,08:45.7,1999-12-24 17:37:49.7845128 +00:00,31:09.7,24:01.5
11/10/1995 16:03,6/17/1973,38:10.1,1983-09-10 19:23:15.5660162 +00:00,20:30.4,54:42.2
3/22/1981 14:14,11/11/2002,58:46.3,2004-02-28 04:51:51.2416184 +00:00,28:21.6,34:57.9
10/23/1997 6:43,,58:37.3,1962-01-21 13:23:12.2773496 +00:00,38:32.6,39:15.0
8/14/1982 0:16,8/28/2000,53:24.8,1972-11-06 09:38:29.5523251 +00:00,13:42.5,53:56.8
10/4/1994 10:05,3/16/2005,07:13.1,1971-06-07 08:59:47.7970235 +00:00,08:46.2,05:18.1
2/18/1986 9:53,9/15/1956,04:27.4,1974-05-05 15:08:22.6224852 +00:00,56:51.2,15:30.3
9/14/2005 15:54,12/31/2007,42:31.0,1953-11-23 11:35:42.7398890 +00:00,23:45.2,17:29.5
9/16/1987 12:18,5/15/1960,09:34.8,1995-09-02 20:41:12.8531410 +00:00,39:13.5,46:02.4
5/7/2006 6:06,12/25/2004,42:59.9,1961-02-09 10:59:35.7769888 +00:00,08:29.9,07:32.9
3/10/1990 18:37,11/5/1983,59:36.9,1961-09-30 08:41:22.6175418 +00:00,24:31.8,45:30.1
11/6/1989 6:27,7/15/1985,38:33.6,1980-06-21 14:09:59.4003266 +00:00,52:48.2,23:56.3
7/12/2005 11:32,3/30/1961,58:41.8,2003-07-29 13:08:12.3030716 +00:00,22:38.0,53:06.1
10/20/1989 1:56,10/30/2001,13:19.0,1978-10-31 11:23:34.1095621 +00:00,21:46.3,51:04.6
8/8/1980 3:19,8/15/1968,08:26.8,1959-11-04 04:25:20.9267675 +00:00,05:39.6,19:17.4
1/2/1987 9:25,12/20/1980,47:59.8,1999-01-09 02:25:55.1686492 +00:00,48:49.6,13:07.4
10/2/1986 7:13,1/12/1969,13:54.1,1985-02-01 20:29:46.1949862 +00:00,14:50.5,45:15.7
2/13/1985 13:23,1/19/2005,02:10.9,1987-09-24 06:32:29.0241608 +00:00,23:46.4,36:50.5
10/24/1987 2:55,12/11/1970,46:52.8,1965-01-17 13:00:00.3070676 +00:00,23:02.0,22:30.6
2/16/1993 15:44,6/4/1958,49:25.7,2006-07-11 04:06:42.0489092 +00:00,28:10.4,05:38.5
2/15/1992 17:17,5/31/2003,28:38.1,1954-06-30 16:48:48.5255505 +00:00,50:25.3,44:41.8
6/12/1980 21:58,3/31/1974,26:42.3,1994-10-19 05:32:00.7127992 +00:00,34:21.6,30:10.3
11/10/1988 12:12,11/1/1958,15:54.2,1969-03-06 20:44:59.2119615 +00:00,53:49.3,02:14.7
9/24/2001 14:31,8/8/2000,38:07.8,1962-07-17 17:17:22.5197146 +00:00,35:48.3,49:57.4
11/10/2005 3:32,7/20/1957,19:27.4,1992-07-31 08:43:49.2707396 +00:00,11:52.1,28:20.3
2/9/1995 9:29,2/12/2006,40:10.1,2006-07-28 11:06:23.4620840 +00:00,51:18.8,32:29.5
8/1/2003 10:26,11/8/1970,22:02.9,1963-12-27 01:12:30.2518838 +00:00,29:05.1,10:39.6
9/17/1981 12:24,1/10/1966,17:53.8,2007-11-29 21:36:13.6335088 +00:00,36:17.7,41:38.7
6/3/1980 0:21,1/24/1977,31:17.9,1977-04-26 12:36:59.0726760 +00:00,45:36.5,
8/2/1982 12:03,8/2/1978,09:41.4,1957-04-11 00:29:57.9578205 +00:00,19:52.7,21:16.8
8/28/1981 13:01,8/20/1954,51:19.2,1981-09-20 05:02:27.4083954 +00:00,13:00.6,13:45.9
5/15/2002 21:37,7/10/1992,54:23.3,1966-10-24 10:28:51.6427942 +00:00,33:44.0,10:04.9
4/13/1991 20:26,5/19/1960,30:32.0,1956-01-03 16:48:05.3212384 +00:00,56:08.6,56:33.9
6/22/1991 9:56,12/14/1966,46:42.0,1966-05-31 22:16:01.5219057 +00:00,01:54.9,57:53.5
4/28/1986 2:49,7/11/1962,53:12.4,1987-01-06 11:33:19.5992856 +00:00,43:56.2,38:42.8
6/6/1986 11:35,11/26/1994,08:03.8,1990-11-15 02:01:02.4903234 +00:00,34:06.0,32:47.3
8/12/1983 6:57,9/6/1984,05:30.8,1969-02-25 09:53:13.9415740 +00:00,42:01.0,27:33.4
2/14/1982 12:48,8/2/1970,44:01.1,1989-11-19 10:39:54.6093856 +00:00,46:44.3,35:35.9
8/2/2000 10:12,9/6/1979,13:40.7,1992-09-01 16:16:41.2583126 +00:00,33:53.6,52:02.1
7/16/2000 2:20,3/30/1976,36:11.6,1990-01-21 03:11:47.8013160 +00:00,20:50.0,45:44.6
7/10/1995 10:17,1/5/1987,07:05.7,1979-01-31 04:42:07.8273215 +00:00,15:18.9,49:33.5
4/6/1981 23:21,2/3/1959,48:40.8,1963-06-17 03:18:38.4036355 +00:00,51:03.4,54:58.7
3/5/1991 7:46,2/25/2005,47:34.7,2003-05-15 18:29:03.2088014 +00:00,26:18.0,49:05.9
7/25/2002 14:24,11/19/1992,37:31.0,1983-10-22 15:44:22.6256566 +00:00,39:25.3,50:02.3
7/21/1983 18:09,4/3/1963,59:16.4,1990-08-08 19:17:44.8856532 +00:00,13:26.9,35:49.4
10/7/1990 2:28,6/8/1959,26:36.6,1988-02-07 18:05:50.5395896 +00:00,29:57.6,27:58.9
7/20/2001 0:45,6/29/2007,11:06.8,1985-05-18 00:02:38.8855596 +00:00,03:47.9,01:41.0
11/27/1989 6:35,5/21/1979,55:44.8,1968-12-18 04:40:25.8169312 +00:00,09:38.2,11:41.0
5/26/1982 15:44,8/18/1993,28:16.9,1960-10-03 18:40:54.9278945 +00:00,04:15.0,57:37.8
9/18/1989 1:23,1/27/1987,17:51.8,1999-02-21 13:21:12.7111906 +00:00,29:42.4,47:11.5
8/1/1997 13:07,7/18/1980,35:50.2,2005-04-14 12:39:42.4096296 +00:00,05:39.9,
5/23/2006 14:55,5/14/1993,27:37.6,1998-02-06 07:23:29.9266906 +00:00,14:09.9,36:25.2
11/8/1999 3:01,12/13/1982,18:59.0,1992-05-24 05:02:36.5512548 +00:00,45:55.2,04:59.2
3/1/2001 11:20,12/30/1990,56:17.8,1970-10-18 02:15:29.6644979 +00:00,08:33.3,03:46.8
4/20/1994 18:26,8/9/1957,56:17.5,1957-04-04 11:44:59.7680488 +00:00,59:06.1,23:30.1
8/31/2002 13:55,10/20/1966,42:03.5,1958-03-08 12:05:49.0717137 +00:00,56:48.2,53:35.7
12/31/1986 3:51,2/24/2006,22:15.9,1967-07-07 22:38:16.3540546 +00:00,26:41.1,33:03.4
6/27/1987 23:43,11/9/1980,20:38.5,1994-08-14 11:34:28.7219038 +00:00,52:33.2,53:51.2
12/13/1999 3:12,4/25/1998,39:09.9,1977-06-22 04:39:23.0066100 +00:00,26:40.5,52:27.5
7/4/1995 14:48,7/17/2002,13:14.8,1974-04-10 22:32:06.0902410 +00:00,22:23.7,45:00.5
3/4/1999 23:39,5/10/1987,45:10.2,1960-06-12 07:47:17.5451397 +00:00,39:41.0,10:54.6
6/2/1984 21:29,9/5/1998,46:33.6,1974-06-05 17:32:08.9889764 +00:00,20:33.5,21:27.4
4/13/2005 15:33,12/7/1983,11:13.1,1984-07-28 22:58:43.6672130 +00:00,38:08.7,54:38.5
2/14/1985 0:15,10/13/1989,59:53.5,1991-05-25 20:11:14.8953204 +00:00,19:20.9,33:51.6
9/8/2004 17:04,5/8/2003,51:40.7,1987-05-22 05:57:08.3685934 +00:00,55:29.3,56:12.7
10/25/1995 21:00,4/27/1999,05:13.6,2002-12-06 22:12:30.9747476 +00:00,50:47.8,32:16.5
7/25/2006 10:02,2/27/1978,08:01.6,1977-06-19 21:21:54.0790880 +00:00,56:39.6,1/1/1971 19:57
1/21/1994 1:35,4/16/2002,11:59.8,1990-02-28 14:52:10.7811658 +00:00,20:43.1,48:56.2
6/24/1983 23:07,4/22/1992,20:06.6,1999-10-24 23:50:14.5102766 +00:00,37:50.0,26:02.8
3/3/2002 15:45,9/19/1981,00:23.0,1976-12-19 02:24:18.4364439 +00:00,31:33.6,14:23.3
5/24/1983 2:28,4/15/2004,42:29.0,1982-11-14 16:32:41.2270752 +00:00,06:48.6,18:17.3
8/17/1984 18:25,6/12/2006,29:53.0,2003-03-15 09:49:51.5856004 +00:00,28:06.3,51:44.0
7/13/1992 3:12,5/17/1978,48:30.2,2003-01-21 14:15:47.7658482 +00:00,49:52.8,37:31.5
4/9/1995 0:35,9/13/2002,10:41.3,1982-12-27 09:48:12.5057516 +00:00,02:12.0,53:13.6
8/9/2005 5:27,5/31/1979,42:20.0,1980-06-10 23:24:34.2215877 +00:00,12:51.5,51:05.9
11/10/1990 17:56,4/28/1997,39:57.2,1999-01-13 13:30:10.1219150 +00:00,59:21.9,32:57.1
4/9/1997 14:12,2/2/1977,39:07.5,1999-06-05 11:02:57.5039978 +00:00,08:03.6,10:39.8
4/17/1994 21:49,12/12/1973,38:23.2,1993-05-15 05:00:36.5863048 +00:00,14:24.1,55:35.9
3/6/1998 20:21,5/8/1990,38:51.3,1979-12-08 21:59:37.6340614 +00:00,22:21.4,40:08.0
2/4/1995 1:04,2/11/2006,52:50.8,1957-06-24 14:37:58.7311501 +00:00,41:54.5,26:25.3
7/22/2001 8:45,8/16/2006,29:03.3,1974-03-13 11:03:44.5765246 +00:00,47:30.9,21:58.5
9/4/1993 3:51,6/20/1999,26:18.2,2003-01-07 20:32:04.4349526 +00:00,19:26.9,26:39.3
4/23/2007 20:41,5/24/1980,49:36.9,2000-02-27 02:55:18.7056142 +00:00,32:02.7,20:48.4
9/14/1998 22:59,12/29/1997,13:26.2,1986-03-04 23:15:46.3614854 +00:00,15:54.2,13:01.8
12/30/1992 22:57,1/15/2006,33:51.2,1959-12-27 11:50:15.5481909 +00:00,14:12.8,54:27.2
4/6/1983 22:06,4/7/1969,,1991-08-13 21:38:57.4817048 +00:00,58:50.7,44:51.6
7/8/1982 18:36,7/30/1962,23:41.6,1982-06-01 05:26:15.0915396 +00:00,47:48.8,08:46.7
2/11/1998 9:06,5/20/1977,35:24.3,1993-03-17 14:32:35.6567406 +00:00,47:35.3,06:18.1
3/2/2005 15:31,5/8/1962,34:14.1,1962-02-27 10:31:01.7538569 +00:00,02:48.9,33:03.7
8/27/1991 12:55,9/22/2003,50:24.5,1981-10-31 23:27:30.5275718 +00:00,47:08.1,04:17.8
6/6/2007 7:45,10/2/1996,11:08.9,1976-05-11 03:22:46.1362690 +00:00,07:24.8,05:39.5
2/14/2004 7:14,10/28/1956,45:47.9,1982-07-13 22:18:45.2196700 +00:00,49:27.8,38:56.1
3/4/1990 9:37,4/9/1980,44:52.3,1965-05-31 06:00:31.6027757 +00:00,20:03.7,35:05.9
1/29/1985 19:24,2/20/1985,04:51.2,1971-05-25 17:44:35.1680716 +00:00,11:29.9,50:35.4
5/14/1981 2:41,11/21/1996,00:25.9,1982-08-11 19:24:30.2561764 +00:00,41:08.9,41:07.5
2/6/1991 12:47,5/1/1996,51:01.4,1957-08-28 11:09:58.8383450 +00:00,54:45.4,24:17.3
12/24/1983 7:48,2/27/1983,20:32.1,1986-11-18 04:19:54.7364224 +00:00,12:54.7,54:55.0
1/19/1986 7:31,5/16/1968,37:27.7,1964-12-21 22:17:48.3134810 +00:00,06:57.1,21:07.2
11/14/2005 21:20,7/14/1997,47:41.3,2004-06-01 09:47:14.2570634 +00:00,43:56.0,52:53.2
9/25/1995 21:10,12/7/1971,45:50.3,1995-09-01 21:05:13.9109056 +00:00,22:39.1,17:45.8
3/13/1992 16:26,4/11/1989,54:02.8,1963-08-21 20:43:56.4605014 +00:00,33:17.9,38:21.4
6/29/1987 23:09,3/15/1958,18:35.0,2003-03-19 09:10:28.1043936 +00:00,43:04.8,39:02.8
6/5/1986 7:28,1/29/1995,59:07.0,1977-02-23 04:50:11.3066546 +00:00,31:48.2,35:38.2
3/23/1988 23:59,11/30/1964,35:38.2,1991-10-15 16:16:36.4914506 +00:00,32:41.4,57:17.7
4/27/1986 22:54,10/13/1990,27:53.9,1969-04-09 20:48:31.4841154 +00:00,22:53.8,39:20.5
12/14/1992 18:42,2/5/1982,35:22.7,1955-02-01 02:49:50.8240291 +00:00,37:33.6,55:27.5
11/10/1993 11:43,12/30/1967,05:57.1,2003-01-15 17:07:42.1608426 +00:00,24:17.2,58:53.7
8/1/1984 2:26,3/31/1988,39:07.4,1962-05-29 19:14:24.0455032 +00:00,43:43.2,11:45.6
7/23/2003 5:54,8/2/1964,08:17.7,1998-05-08 02:50:55.4429102 +00:00,55:41.8,12:40.9
6/11/1983 0:30,4/12/1968,13:57.8,1966-03-21 22:14:49.6461338 +00:00,59:44.2,50:33.1
5/23/1985 23:42,9/16/1997,16:20.3,1966-10-03 01:02:51.5677159 +00:00,48:44.6,42:55.9
9/13/2000 6:03,3/15/1985,02:55.9,1982-02-21 17:37:39.7677496 +00:00,12:17.0,37:27.4
4/22/1997 3:23,7/4/1998,43:52.7,1967-09-07 13:34:51.0878424 +00:00,30:11.8,13:43.2
11/8/1984 2:07,3/13/2000,41:47.2,1972-12-29 14:01:24.2754599 +00:00,44:46.0,26:02.2
12/12/2001 6:03,12/2/2003,46:19.2,1953-01-29 11:28:21.5137164 +00:00,34:52.8,23:02.1
6/30/1985 19:48,11/20/1995,44:11.5,1965-06-04 11:15:13.1101871 +00:00,20:14.2,44:15.3
2/9/1985 0:49,,18:52.0,1982-04-08 14:36:50.2833620 +00:00,48:30.7,00:38.9
7/30/1986 16:34,4/15/1971,56:56.7,2006-05-25 23:42:57.3057276 +00:00,22:14.5,41:36.8
2/14/2000 1:18,12/9/1993,57:46.9,1984-05-30 08:20:59.3471294 +00:00,05:08.1,39:24.3
6/4/2001 18:58,9/29/1991,26:02.2,2003-10-08 08:18:10.8868884 +00:00,56:38.6,11:21.1
4/19/1993 2:24,1/31/1987,27:59.1,1973-07-08 16:46:15.8832080 +00:00,02:59.0,23:29.8
6/13/1988 0:56,9/29/1989,29:49.4,1992-04-03 06:49:18.4223474 +00:00,09:04.3,51:09.9
11/19/1996 10:05,10/11/1953,33:47.5,1981-01-02 04:21:09.0273090 +00:00,17:54.2,15:52.4
10/28/1999 10:13,12/10/1992,21:35.3,1970-12-25 00:22:43.9827049 +00:00,50:42.0,21:45.0
9/27/2002 8:01,7/31/1996,08:57.7,1953-08-10 23:01:32.3001749 +00:00,24:08.8,08:43.9
4/8/1987 19:14,12/17/1992,14:35.0,1953-05-04 18:13:56.0074050 +00:00,17:20.9,39:21.2
6/15/2002 8:48,6/18/2000,,1990-10-16 03:49:19.9828248 +00:00,08:02.5,16:38.1
6/14/1987 7:48,3/6/1979,57:36.7,1984-08-29 20:31:12.5977766 +00:00,38:22.9,46:56.1
11/25/1993 21:54,3/27/2001,25:01.8,1953-05-18 14:23:42.2495752 +00:00,21:03.1,12:06.1
7/3/1994 16:39,10/24/1958,48:04.3,1975-10-15 12:14:35.3832426 +00:00,18:06.1,26:48.6
11/18/1986 10:07,1/30/1991,19:39.9,1965-02-26 09:10:15.3854926 +00:00,46:27.1,38:02.1
3/22/1991 6:41,3/2/1967,21:47.9,1987-06-15 12:45:09.1905166 +00:00,01:06.5,49:32.6
6/2/1996 0:29,9/20/1961,02:29.5,1996-12-12 19:13:22.3292418 +00:00,30:28.1,02:42.7
6/11/1982 23:11,5/31/1984,51:26.2,1992-04-07 00:54:23.7231558 +00:00,59:42.2,22:22.1
11/23/1982 8:37,6/2/1971,52:32.9,2001-11-02 17:54:02.2706486 +00:00,08:36.6,48:03.8
1/23/1994 9:36,11/3/1969,44:48.6,1978-12-25 01:53:16.4721309 +00:00,04:26.1,42:55.7
4/1/1987 20:22,6/3/2001,34:15.7,1978-11-15 15:41:53.1282980 +00:00,47:38.7,51:01.2
1/30/1999 20:41,5/23/1957,29:56.3,1961-05-15 10:38:42.2141638 +00:00,59:21.4,23:30.8
5/20/1992 0:04,6/24/1968,50:40.0,1969-11-26 02:27:14.8773700 +00:00,53:00.4,33:41.3
1/17/1980 4:15,3/18/1960,21:43.0,1957-11-26 09:00:24.7241618 +00:00,36:39.2,58:59.8
5/26/1997 10:24,12/11/1976,38:03.5,1996-07-28 04:31:15.3208624 +00:00,34:33.5,45:57.8
12/6/2005 16:11,4/10/1954,27:54.1,1973-01-03 10:11:51.0460363 +00:00,04:05.5,57:01.2
7/22/2002 3:13,4/30/1982,44:34.2,2002-11-09 11:41:40.2138304 +00:00,51:53.5,53:37.2
9/22/2001 15:01,10/18/1965,27:06.5,2003-12-08 12:16:12.1077230 +00:00,03:04.7,42:30.7
4/5/1986 13:12,1/25/2002,20:16.3,1968-01-30 22:24:38.9598557 +00:00,58:23.5,21:21.8
9/23/1986 1:42,1/6/1959,34:04.2,2002-03-19 09:45:06.3685194 +00:00,55:07.8,28:12.1
10/25/1986 3:51,7/21/1964,08:13.0,1967-11-07 08:43:54.1318276 +00:00,19:15.9,25:12.9
4/26/1985 7:29,4/27/1966,01:55.2,2000-05-31 15:59:07.3273158 +00:00,35:17.8,09:03.7
2/17/1991 13:21,1/27/1988,03:05.1,1971-04-27 06:16:13.6543552 +00:00,36:37.1,27:33.3
11/13/2003 6:53,3/21/1989,18:32.0,1970-03-10 08:09:17.1459892 +00:00,20:54.8,56:52.2
12/28/1985 11:58,1/2/1954,16:14.5,1983-05-21 20:33:08.5549830 +00:00,06:14.7,23:38.4
5/25/2005 15:15,1/17/1978,32:09.3,1988-06-24 04:36:57.4306948 +00:00,50:40.2,13:18.2
12/5/1993 6:13,3/21/1997,23:35.4,1988-07-23 13:56:48.9663516 +00:00,01:49.0,41:42.9
6/12/1984 2:22,8/18/1984,39:40.9,1953-08-26 01:29:03.3701748 +00:00,47:17.4,41:32.1
6/8/1982 18:45,6/14/1963,21:39.1,1975-02-25 04:18:58.0276976 +00:00,19:40.1,54:16.1
10/1/1983 15:30,3/10/1990,17:51.2,1979-05-19 13:54:38.0381540 +00:00,24:13.6,47:11.6
8/9/1998 13:05,7/2/1988,24:13.4,1975-03-18 04:49:19.0770847 +00:00,25:10.6,23:10.4
8/7/1994 21:16,4/5/1973,44:47.5,1959-03-03 04:27:27.3239496 +00:00,41:06.2,13:53.1
6/26/1993 15:59,6/30/2006,37:31.7,1991-03-07 17:15:04.1912754 +00:00,08:32.6,48:33.8
1/19/2007 3:40,12/14/1979,26:40.5,1968-12-07 02:34:35.4767103 +00:00,05:32.9,59:59.3
7/1/1998 9:54,4/26/1998,13:18.9,1972-04-16 23:00:30.8412043 +00:00,29:31.1,38:49.4
5/30/1986 3:55,12/3/1955,37:46.0,1971-05-19 20:36:29.5630660 +00:00,45:54.2,11:57.6
9/5/1998 4:32,10/5/1974,40:55.3,1962-01-12 04:50:41.7959279 +00:00,22:40.2,59:39.4
1/19/1989 13:14,6/9/1982,51:03.1,1975-07-25 14:36:20.0596676 +00:00,37:35.7,45:52.3
7/22/2004 14:23,7/4/1981,48:37.8,1954-01-24 13:04:34.2606412 +00:00,13:17.0,12:30.9
3/3/2002 17:02,2/12/1954,52:09.9,,47:38.1,53:23.4
4/13/1984 5:33,12/28/1988,,1987-04-19 12:17:42.3771992 +00:00,41:48.9,34:44.7
11/11/1994 4:11,10/16/1953,13:50.8,1993-03-10 22:24:17.4385078 +00:00,30:29.6,51:21.1
12/16/1981 17:30,2/2/1980,11:29.7,1983-06-01 12:40:27.3646864 +00:00,36:09.4,37:58.4
11/19/1987 20:27,5/12/1983,51:19.8,1979-02-25 20:07:22.0048112 +00:00,30:26.7,40:06.4
3/30/2006 23:27,7/1/1955,56:58.6,1982-02-04 09:35:05.0415854 +00:00,32:35.4,53:14.1
1/9/1994 4:08,6/30/1991,12:03.4,1994-07-19 19:33:19.9818892 +00:00,49:09.3,37:08.1
3/11/2002 16:31,10/22/1955,14:15.2,1973-11-25 03:58:08.0691982 +00:00,29:14.1,07:55.5
1/28/2000 21:03,9/23/1986,28:12.0,1989-06-30 21:15:42.4283578 +00:00,28:28.9,40:24.5
1/10/1984 8:33,10/19/1967,35:13.7,1979-07-05 23:20:34.6229676 +00:00,22:05.1,25:23.2
5/13/1995 10:14,10/24/1985,19:43.4,1960-03-13 03:46:55.5660260 +00:00,58:53.5,26:28.6
11/21/1993 21:44,6/1/1960,58:08.2,1953-07-06 06:34:24.8371717 +00:00,17:10.9,57:32.7
2/26/2003 19:04,12/24/1995,43:24.9,1997-05-24 19:07:38.2085170 +00:00,14:49.5,33:21.7
7/24/1993 21:00,11/15/1998,02:42.9,1985-01-24 16:04:56.9195858 +00:00,52:18.5,00:23.2
1/5/1996 6:19,7/27/1990,13:31.2,1955-11-26 01:58:05.0228491 +00:00,29:00.9,40:31.8
6/14/1980 15:23,5/30/1981,47:31.1,1959-05-24 13:16:25.9316556 +00:00,58:04.9,14:08.3
2/19/1997 1:19,2/23/1987,00:44.6,1993-06-27 09:30:01.8755774 +00:00,32:44.8,07:34.4
4/25/2004 18:27,2/8/1999,,1998-05-16 11:50:12.6555090 +00:00,01:45.9,19:22.8
1/12/1998 15:01,1/6/1965,12:39.8,1966-05-06 14:14:58.9434213 +00:00,00:08.3,15:13.9
7/6/1988 4:41,10/22/1957,54:31.6,1991-03-10 06:14:25.1035860 +00:00,11:51.3,03:10.2
6/24/1989 18:53,1/13/1966,06:29.8,2000-05-25 15:41:26.8282596 +00:00,55:46.9,24:43.9
,12/11/1977,31:49.8,1984-09-03 04:33:17.9547980 +00:00,59:17.5,07:49.7
4/16/2005 0:29,2/2/1985,47:30.6,2006-11-21 22:48:20.2241652 +00:00,43:10.7,21:10.6
12/21/1991 22:07,12/18/1973,58:12.6,1996-04-19 17:44:18.9590668 +00:00,40:02.1,28:06.0
1/4/1980 4:26,3/25/1989,22:48.6,1970-02-11 20:35:25.6954583 +00:00,44:23.0,00:52.3
2/21/2007 17:08,5/4/1989,29:47.2,1975-06-18 03:59:24.2324946 +00:00,39:15.5,19:45.3
6/15/2003 20:31,2/28/1981,34:41.7,1956-10-09 21:03:57.3950462 +00:00,06:32.5,37:08.0
8/23/2000 23:06,11/23/1958,20:35.2,1972-09-15 11:14:25.8043484 +00:00,50:48.8,34:56.9
8/6/1985 4:42,7/11/1996,49:28.2,1978-03-09 17:23:38.0228882 +00:00,47:27.5,33:42.0
4/30/1993 20:24,11/23/1969,52:24.5,1953-12-20 23:52:39.4006595 +00:00,07:08.1,20:10.4
7/17/1989 18:21,1/9/1974,23:59.5,1993-08-10 09:59:53.8829574 +00:00,48:39.3,34:00.2
12/28/1990 6:29,7/7/1987,08:24.2,1978-03-12 07:54:45.7577963 +00:00,41:25.3,57:21.7
4/3/1987 11:38,11/22/2007,00:17.4,1963-12-24 05:21:09.2501083 +00:00,14:17.8,07:44.9
7/2/1993 13:58,4/16/1992,46:58.8,1980-04-17 21:05:20.1541628 +00:00,49:47.6,29:59.7
3/2/2005 0:38,12/14/2000,53:31.1,2002-11-14 23:11:37.8470818 +00:00,10:45.4,27:58.5
2/1/1992 20:11,1/9/1978,38:28.7,1988-10-12 10:06:56.5826564 +00:00,13:18.9,53:27.4
6/11/1982 20:08,10/7/1963,28:06.4,1962-01-09 11:20:48.9300113 +00:00,48:46.3,33:51.8
12/13/1999 23:41,3/26/1994,20:13.4,1992-06-06 20:03:26.7671412 +00:00,59:08.3,31:05.4
5/11/1983 13:59,9/17/1957,56:43.3,1974-04-06 19:51:45.3225046 +00:00,06:10.3,47:26.9
3/31/1983 16:54,9/22/1986,10:35.4,1997-03-21 20:41:08.6127696 +00:00,48:19.3,03:38.1
8/14/2005 7:27,7/6/1970,06:06.5,1983-08-21 12:35:57.1641000 +00:00,17:05.4,46:30.2
12/19/1999 7:51,3/29/1975,06:28.6,1962-06-27 16:35:00.4857847 +00:00,21:26.1,05:22.7
3/16/1983 22:43,6/30/1963,01:59.2,2006-12-24 07:21:15.0023370 +00:00,33:20.1,01:18.3
11/6/2001 9:11,10/31/1969,03:57.3,1962-01-19 14:36:14.3433839 +00:00,25:12.3,16:08.9
6/2/1980 17:48,8/21/1985,48:21.7,2001-06-13 21:42:07.8041488 +00:00,20:46.6,27:47.5
1/26/1995 8:31,10/10/1982,19:57.4,1974-08-22 21:44:33.1905259 +00:00,07:02.7,49:38.9
11/8/1997 17:46,7/9/2000,23:30.9,1989-12-24 18:46:59.8296370 +00:00,10:21.1,49:48.6
6/12/2003 18:01,5/21/1982,34:26.3,1998-02-20 12:44:22.1574988 +00:00,48:47.7,13:29.9
1/14/1981 0:15,12/5/1968,21:30.5,1956-04-08 02:29:22.3011004 +00:00,39:31.7,08:02.0
6/21/2005 9:40,7/17/2006,31:16.3,1984-10-15 03:58:38.2596200 +00:00,07:27.9,45:51.0
8/6/2006 12:17,3/4/1964,50:00.6,1983-06-11 17:04:33.6011330 +00:00,56:46.3,31:15.0
5/12/1981 8:34,10/25/1964,25:55.9,1981-12-01 11:10:18.1856954 +00:00,44:08.4,52:34.9
2/2/1990 9:28,9/29/1962,00:39.0,1958-01-14 06:21:30.6196447 +00:00,22:31.9,44:25.5
8/23/1980 13:31,8/18/1977,43:14.4,1978-11-03 22:36:16.6923419 +00:00,25:44.4,42:42.1
7/16/1980 8:33,6/21/1968,34:25.4,1983-02-28 22:54:53.2314080 +00:00,17:30.1,12/17/1989 8:47
1/28/1995 19:30,3/3/1984,19:13.3,1977-05-22 08:31:16.3058433 +00:00,48:20.6,45:33.7
11/16/2004 16:33,11/26/1956,01:07.2,1988-05-27 13:29:22.1530340 +00:00,58:38.2,13:34.1
4/22/2000 7:26,10/29/1987,53:57.3,2004-11-20 04:39:58.4794412 +00:00,50:27.4,23:15.0
11/7/1994 23:44,11/10/1998,51:02.1,1966-04-20 16:05:01.6692282 +00:00,51:46.4,37:06.1
10/25/1982 0:22,1/7/2002,41:42.5,1956-09-10 16:07:57.7723165 +00:00,51:11.2,20:21.1
6/4/1992 23:56,5/2/1982,16:38.2,1978-04-28 12:31:07.6465393 +00:00,26:02.9,16:06.1
8/7/1985 0:20,8/7/1985,36:23.4,1974-11-04 08:18:54.1775408 +00:00,58:20.5,02:11.2
6/4/1988 23:25,4/13/1967,22:35.2,2003-09-17 10:34:30.0463098 +00:00,41:46.6,34:13.4
11/10/1988 20:06,10/31/1969,21:50.7,1988-07-11 21:23:03.0276980 +00:00,21:20.7,20:14.1
7/14/1990 2:41,10/10/2001,04:12.6,1993-11-24 13:20:40.7400102 +00:00,33:25.8,51:23.0
1/12/2001 2:05,4/20/2006,26:49.5,1989-12-31 19:52:09.8082296 +00:00,17:28.2,29:06.9
2/9/1988 22:36,7/10/1960,19:26.0,1997-07-13 01:13:15.5870634 +00:00,02:53.1,49:47.8
5/22/1980 7:45,9/8/1956,11:09.4,1970-02-06 22:02:18.0543542 +00:00,25:01.9,03:22.0
12/26/2005 18:27,12/2/2005,49:53.8,1990-03-11 16:53:19.0725040 +00:00,41:33.2,32:24.7
6/23/1981 0:49,7/19/1965,24:14.1,1975-02-12 15:51:08.4401927 +00:00,15:42.1,47:04.4
7/26/1993 10:10,8/24/1970,,2005-05-14 01:55:37.0016442 +00:00,09:18.6,40:16.4
7/1/1988 15:42,11/29/2000,45:24.8,1954-01-21 13:26:35.1084362 +00:00,33:36.4,4/19/2003 12:36
10/11/1993 11:20,5/24/1994,27:17.7,1977-02-09 15:58:27.3330044 +00:00,55:35.5,31:55.8
1/26/2001 1:33,4/17/1986,04:01.3,1977-02-13 17:33:50.3306516 +00:00,11:48.9,11:35.9
5/30/2000 7:35,4/19/1995,02:04.4,1960-07-20 17:38:27.9394859 +00:00,54:45.9,11/30/1980 6:16
7/17/1996 20:50,10/18/1998,48:25.1,1990-11-29 23:06:26.3424748 +00:00,34:20.8,19:21.2
4/10/1986 20:09,6/15/1967,00:01.3,1985-09-09 21:12:02.9524610 +00:00,25:57.3,06:31.3
6/10/1983 15:18,4/5/1968,29:50.6,1997-11-03 08:12:05.8807812 +00:00,17:58.4,05:01.7
7/21/1991 4:19,4/29/1996,43:33.3,2002-11-05 20:02:11.1549180 +00:00,19:15.5,00:18.5
12/7/1992 19:55,6/16/1959,09:50.9,2003-06-21 22:50:52.5049324 +00:00,37:20.3,11:13.4
4/14/1989 23:21,10/25/1996,,1993-06-23 09:12:24.4028576 +00:00,28:54.4,29:56.7
1/4/1980 2:30,10/11/2006,02:51.2,1966-08-19 08:19:35.2375474 +00:00,17:44.9,23:38.1
8/10/1999 22:51,12/19/1997,06:16.3,1969-06-10 08:45:03.5032478 +00:00,11:17.1,26:54.9
2/14/1988 19:02,12/25/1997,00:15.4,2001-05-24 13:24:59.7632684 +00:00,39:59.6,47:51.0
9/24/1994 8:08,9/21/1958,59:04.7,1978-07-11 06:48:05.7995266 +00:00,10:21.9,48:55.4
3/7/1988 9:46,3/17/1962,18:11.9,1964-09-09 22:49:35.6972621 +00:00,04:30.9,41:25.4
11/24/1980 21:00,10/8/1977,02:23.9,1973-02-27 01:33:15.1381516 +00:00,18:53.4,12:56.2
8/10/1986 22:07,4/7/1983,58:03.6,1993-02-18 06:44:52.5577664 +00:00,48:33.4,25:02.8
12/17/1992 5:25,10/27/1976,07:45.1,2005-02-16 22:10:26.9227548 +00:00,32:17.5,42:12.7
2/2/1990 5:07,10/13/1969,17:03.1,1978-06-26 14:40:21.5412386 +00:00,22:24.7,42:24.8
3/17/1995 3:38,2/13/1974,12:33.4,1953-05-18 20:37:34.4296223 +00:00,14:40.6,39:53.3
2/18/1990 12:43,12/9/1983,34:17.8,1965-02-18 06:40:50.4505701 +00:00,58:18.9,10:36.8
2/4/1985 23:56,5/17/2003,37:21.5,1979-02-18 03:58:25.0979129 +00:00,07:21.9,53:59.3
7/17/1980 13:36,9/11/1963,34:09.1,1970-07-28 03:43:47.5501880 +00:00,14:59.1,27:05.8
10/25/1998 16:58,5/23/1957,29:11.3,1971-11-25 08:10:00.9662303 +00:00,22:16.4,8/26/1994 6:47
1/8/2000 7:06,11/28/1992,15:00.8,1961-10-18 04:17:02.9865593 +00:00,18:44.9,3/4/1985 0:44
7/16/1991 8:25,12/17/1960,53:57.2,1966-10-10 06:00:30.4394748 +00:00,39:39.5,31:09.3
5/5/2002 2:38,8/29/2001,29:43.1,1971-06-15 09:58:11.9746387 +00:00,11:59.4,41:04.2
4/26/1991 6:29,1/21/1976,43:53.4,1976-02-25 01:15:33.6033738 +00:00,51:46.5,24:45.8
5/21/1987 15:43,5/3/1987,40:08.5,1964-06-14 01:49:57.9959190 +00:00,03:18.4,58:40.6
12/17/1986 9:55,4/3/1975,59:44.7,1985-02-08 20:31:17.6034624 +00:00,04:09.6,59:51.1
6/19/1997 10:00,11/1/1996,21:32.1,1972-11-17 20:44:41.7752828 +00:00,45:19.2,46:26.7
6/15/2005 23:35,6/18/1984,00:31.5,1960-12-12 19:51:03.0849947 +00:00,07:14.5,41:05.2
7/23/2007 23:27,5/19/1956,12:21.5,1989-02-23 10:38:13.8609078 +00:00,23:49.6,20:57.6
11/26/1991 23:30,11/24/1988,44:32.5,1987-06-03 02:03:01.2579756 +00:00,58:09.3,
2/4/1998 20:34,4/6/1971,57:16.4,1982-05-22 03:37:58.4926968 +00:00,23:09.9,05:34.6
7/31/1995 21:15,6/4/1978,45:51.5,1957-10-22 19:11:50.8526909 +00:00,48:32.8,54:46.0
1/6/1997 7:56,6/14/1984,22:42.9,1988-11-29 12:47:40.2889930 +00:00,10:43.0,20:39.0
3/25/1988 5:56,5/2/1990,21:54.6,1971-04-17 04:57:48.7528559 +00:00,30:58.4,32:49.6
12/29/1991 11:43,9/3/1977,58:34.6,2000-03-30 23:48:26.8889332 +00:00,43:09.3,26:02.1
10/19/1988 23:21,9/20/1969,54:49.3,1999-09-11 11:19:13.3533822 +00:00,22:23.3,28:25.8
6/9/2001 1:15,8/23/1996,34:24.2,1998-07-24 05:17:16.2722530 +00:00,40:39.8,39:02.4
10/3/1988 3:07,7/2/1999,49:22.7,1955-01-16 08:37:47.3245231 +00:00,31:11.9,08:32.4
12/1/1981 3:49,5/27/1992,17:33.9,1970-10-29 17:14:09.1642958 +00:00,14:26.2,22:56.5
7/11/2001 1:01,3/16/1958,44:06.4,1971-03-20 06:55:33.3694589 +00:00,22:16.8,25:52.6
6/1/1992 21:26,7/23/1983,48:10.9,1964-09-10 04:11:32.4089919 +00:00,08:18.1,50:24.4
12/27/1993 1:30,8/19/1995,35:26.2,1958-05-27 23:33:50.6742929 +00:00,47:03.4,52:28.0
4/21/1980 4:22,4/18/1977,16:22.8,1955-04-26 21:09:30.2830416 +00:00,01:47.0,35:16.3
2/16/2002 11:59,2/11/1964,37:18.8,1963-01-02 14:34:57.2281715 +00:00,10:58.9,46:22.4
5/8/1982 16:54,7/26/1992,04:23.3,1982-03-17 14:31:05.0427480 +00:00,28:54.8,31:18.8
2/18/2000 5:05,7/14/1981,19:26.8,1969-11-04 18:18:54.6700782 +00:00,58:34.7,09:57.7
7/2/1981 0:29,4/4/1985,06:09.0,1957-05-25 18:28:23.0292969 +00:00,14:19.7,16:10.7
6/5/1995 2:21,11/12/1987,19:04.4,1972-12-19 23:51:51.1315993 +00:00,52:44.4,24:45.0
11/24/1995 13:19,2/20/1989,02:22.9,1964-09-16 02:12:57.5312654 +00:00,19:08.5,21:09.2
4/7/1994 21:12,6/5/1999,58:36.0,1974-09-27 19:13:34.0105704 +00:00,01:01.4,50:00.0
6/7/1983 21:27,9/16/1994,15:36.0,1993-03-26 19:14:46.5510742 +00:00,10:59.7,07:11.2
5/27/1983 15:46,,46:52.6,,26:14.5,29:39.7
3/26/1993 21:43,7/16/2005,11:15.8,1982-12-03 09:28:10.0105232 +00:00,40:36.4,42:29.7
4/3/1982 8:34,9/14/1983,58:06.5,1959-07-17 12:14:39.7828164 +00:00,49:32.5,04:50.0
5/23/1980 0:28,11/26/1981,49:00.5,1958-03-23 09:23:49.3644213 +00:00,36:01.1,24:03.9
1/2/1985 12:24,5/22/1955,08:07.2,2006-10-02 13:21:24.9529266 +00:00,54:41.2,32:21.0
12/6/1991 17:32,11/2/1990,18:42.0,1977-02-20 17:05:55.9030000 +00:00,13:57.9,48:11.9
2/14/2000 8:49,10/16/1973,16:07.9,1967-03-29 11:13:50.9778223 +00:00,26:11.9,25:27.1
3/1/1984 12:35,3/15/2000,49:42.0,1974-09-10 06:56:32.2774073 +00:00,15:57.1,40:15.9
12/22/1985 9:59,12/28/1961,43:48.6,1991-05-25 18:12:13.1589988 +00:00,33:10.6,01:38.0
10/26/1999 13:21,3/14/1992,48:18.8,1971-05-14 02:19:34.9014700 +00:00,43:35.2,11:22.4
7/20/1982 2:55,12/24/2007,02:19.7,1973-08-06 12:27:42.6275749 +00:00,10:30.4,2/29/1972 4:43
1/17/2000 23:24,4/25/1975,53:54.7,1958-09-07 12:28:32.1525526 +00:00,47:27.6,42:32.9
3/19/2004 19:33,8/3/1994,15:42.9,1988-04-15 22:06:49.6423402 +00:00,41:50.3,05:57.3
8/18/2004 11:34,2/1/1962,01:48.3,1966-12-23 11:21:58.5052928 +00:00,47:12.0,42:16.4
8/6/2000 12:32,6/18/1995,32:20.5,2004-02-19 03:10:07.3068300 +00:00,15:58.1,54:09.3
11/18/1991 13:04,10/14/1991,39:41.0,1959-11-20 03:37:44.8445711 +00:00,08:10.4,20:46.3
5/17/2006 16:11,4/26/2001,36:09.0,1992-03-29 12:45:34.8491584 +00:00,17:35.0,40:06.6
12/19/1980 17:41,12/6/2000,09:10.5,1974-11-05 01:47:03.8049105 +00:00,49:08.1,59:00.7
4/15/1981 5:46,2/23/2007,22:13.8,1957-11-19 22:22:00.0338217 +00:00,00:01.4,13:47.0
10/7/2001 2:23,1/24/1953,38:09.2,1986-10-15 03:21:08.1878562 +00:00,34:00.8,03:22.4
5/18/1981 9:35,6/23/1985,44:55.1,1962-10-25 15:20:18.1573692 +00:00,27:07.0,31:20.9
3/7/1983 20:06,6/9/1992,19:47.6,1963-02-03 22:03:03.1260469 +00:00,52:55.8,47:40.3
1/6/1987 12:36,12/21/1963,50:02.6,1961-04-22 10:44:15.9336172 +00:00,52:42.3,28:06.7
5/25/1986 19:32,6/28/1958,41:00.3,2007-05-09 20:48:14.1807292 +00:00,13:58.3,36:41.4
1/12/1986 5:36,10/31/1981,39:34.5,1960-03-17 03:58:28.5572383 +00:00,31:41.5,55:04.0
3/27/1991 4:03,4/11/2005,37:34.5,1956-05-24 04:43:12.3122664 +00:00,37:52.5,09:02.7
3/18/1980 14:38,8/31/1991,52:24.3,1964-06-16 08:51:00.1564332 +00:00,01:00.6,44:46.9
12/18/1988 13:34,7/20/1990,39:30.1,1961-06-13 19:23:14.7464672 +00:00,22:51.7,09:45.4
4/2/1995 10:39,6/27/1991,20:41.8,2001-12-09 10:44:28.5606258 +00:00,04:43.7,14:48.2
6/17/1985 9:26,10/21/1958,53:35.7,2002-08-09 07:31:03.3258410 +00:00,49:50.0,42:29.9
1/15/1982 7:39,12/29/1997,02:27.7,1980-09-17 02:02:54.5741654 +00:00,52:34.8,35:06.0
7/23/1989 10:15,12/21/1961,58:08.5,2007-11-28 20:52:50.6436836 +00:00,48:06.0,25:17.4
4/17/1993 2:15,4/29/2003,13:45.5,2004-03-27 17:38:05.5537294 +00:00,22:48.1,
6/21/1988 2:02,12/15/1964,28:56.5,1967-05-30 15:24:39.8503374 +00:00,47:09.6,51:05.2
9/11/1994 4:47,3/11/2002,10:23.8,2002-03-08 06:48:14.7069014 +00:00,56:55.4,13:46.4
5/6/1982 23:32,9/21/1973,34:35.7,2007-06-18 18:09:48.4821734 +00:00,07:56.4,35:54.9
10/5/1994 23:22,9/21/2002,24:36.5,2006-04-07 06:57:11.0698746 +00:00,21:10.5,12:16.3
11/3/1987 5:27,7/20/1955,32:54.0,1983-09-10 03:23:50.9245718 +00:00,54:57.3,15:49.0
12/26/1986 23:19,12/12/1987,50:27.4,,48:28.1,08:45.8
11/13/2004 5:50,11/2/1994,36:07.3,1972-07-14 15:36:23.7999292 +00:00,08:25.4,53:41.1
4/25/1981 16:26,12/5/2003,18:16.3,1976-02-09 06:42:30.9859331 +00:00,14:28.0,40:13.9
8/3/1984 14:31,6/9/2004,59:40.7,1985-06-16 00:05:22.3755600 +00:00,15:14.8,13:35.2
12/9/2003 17:50,7/5/1990,33:45.3,1976-11-13 22:20:43.9948456 +00:00,41:15.6,28:16.5
9/15/1981 11:39,,55:47.6,1971-08-23 14:25:34.1655243 +00:00,38:41.6,21:18.5
11/13/1989 18:30,3/15/1953,45:51.2,2007-06-17 14:54:34.2628258 +00:00,57:47.7,14:30.3
12/9/2001 2:06,3/23/1958,41:31.5,2005-08-12 18:27:50.7418842 +00:00,59:35.8,06:54.4
2/1/1984 8:50,3/30/1961,00:39.9,1959-01-04 15:43:00.2564392 +00:00,19:56.7,09:55.2
6/30/2005 0:26,1/17/1954,35:30.5,1978-02-10 01:27:01.0319528 +00:00,23:46.9,29:19.1
10/1/1989 4:23,3/17/1968,32:02.8,1996-05-03 09:47:31.7777488 +00:00,12:56.7,04:06.0
4/1/1988 16:00,8/26/1976,39:45.8,1966-11-13 11:24:49.9213416 +00:00,50:24.3,37:09.4
